Дата,Цена,Откр.,Макс.,Мин.,Объём,Изм. %,dayofweek,quarter,month,year,dayofyear,dayofmonth,weekofyear,SMA_20,EMA_20,RSI,MACD,Signal_Line
2021-12-15,1150.0,1204.0,1204.0,1050.0,163000,5.02,2,4,12,2021,349,15,50,1059.55,1073.7262237228852,60.69839096199931,71.55070459628087,55.136630061296884
2021-12-16,1264.4,1200.0,1264.4,1177.0,484000,9.95,3,4,12,2021,350,16,50,1050.9099999999999,1065.6974051673994,75.75757575757576,74.14249764610986,51.03311142755089
2021-12-17,1301.0,1299.0,1389.6,1281.8,659000,2.89,4,4,12,2021,351,17,50,1036.4,1044.7813425534414,82.88327526132404,64.72413171849371,45.25576487291115
2021-12-20,1150.0,1287.8,1320.0,1110.0,743000,-11.61,0,4,12,2021,354,20,51,1018.04,1017.8109575590668,72.20125786163523,48.03488456406728,40.388673161515506
2021-12-21,1111.8,1182.6,1182.6,1069.0,497000,-3.32,1,4,12,2021,355,21,51,1007.5800000000002,1003.8963215126528,68.30835117773017,41.409192602395024,38.47712031087756
2021-12-22,1057.0,1111.6,1112.0,1032.0,754000,-4.93,2,4,12,2021,356,22,51,999.9200000000001,992.5380395666162,64.76190476190476,36.23953933346206,37.74410223799819
2021-12-23,1014.0,1050.2,1075.6,1006.0,939000,-4.07,3,4,12,2021,357,23,51,993.0200000000001,985.7525700473127,58.58208955223879,34.693697679900765,38.12024296413222
2021-12-24,997.6,1015.8,1035.4,992.0,814000,-1.62,4,4,12,2021,358,24,51,983.6600000000001,982.7791563680825,55.82089552238805,36.594187821284095,38.97687928519008
2021-12-27,1049.2,1012.0,1057.0,996.2,1216000,5.17,0,4,12,2021,361,27,52,975.28,981.2190675647228,80.4004214963119,40.157443415249304,39.572552151166576
2021-12-28,1033.6,1040.0,1042.0,1010.2,472000,-1.49,1,4,12,2021,362,28,52,965.7199999999999,974.0631799399567,75.60706401766002,38.867526832779276,39.426329335145894
2021-12-29,999.0,1003.0,1032.0,996.2,1423000,-3.35,2,4,12,2021,363,29,52,958.04,967.7961462494259,62.28710462287103,38.244142004495416,39.566029960737545
2021-12-30,998.0,1029.8,1029.8,995.0,762000,-0.1,3,4,12,2021,364,30,52,952.99,964.511530065155,69.45812807881771,40.41510693996577,39.89650194979808
2022-01-03,1001.4,998.4,1021.4,970.0,522000,0.34,0,1,1,2022,3,3,1,947.8,960.9864279667502,79.9177518848526,42.700009720293906,39.76685070225615
2022-01-04,1019.8,1013.0,1022.8,1000.0,803000,1.84,1,1,1,2022,4,4,1,943.0799999999999,956.7323677527238,84.30947216196668,44.64910367307209,39.03356094774671
2022-01-05,1025.0,1018.0,1026.0,1002.8,210000,0.51,2,1,1,2022,5,5,1,937.3399999999999,950.0936696214316,77.8891115564462,44.61396026482794,37.62967526641536
2022-01-06,1019.6,1024.4,1030.0,1010.0,214000,-0.53,3,1,1,2022,6,6,1,930.49,942.208792739477,72.08860759493669,43.39071961990794,35.883604016812214
2022-01-10,999.0,1016.6,1036.2,995.0,1152000,-2.02,0,1,1,2022,10,10,2,923.385,934.0623498699483,66.11359285258453,41.74810018410221,34.00682511603828
2022-01-11,1008.8,1005.8,1008.8,990.4,266000,0.98,1,1,1,2022,11,11,2,917.0600000000001,927.2268077509956,68.64020819778787,41.141729919723275,32.07150634902229
2022-01-12,1009.2,1009.2,1014.4,1004.4,221000,0.04,2,1,1,2022,12,12,2,910.1200000000001,918.6401559353109,65.97873671044402,38.77153761981094,29.803950456347046
2022-01-13,982.6,1000.4,1014.0,982.0,1008000,-2.64,3,1,1,2022,13,13,2,903.9100000000001,909.1075407706066,63.14363143631436,35.14163344618032,27.562053665481066
2022-01-14,977.2,984.0,999.8,961.0,837000,-0.55,4,1,1,2022,14,14,2,899.0049999999999,901.3714924306705,64.53715775749674,32.705768359892545,25.66715872030625
2022-01-17,974.2,977.4,999.0,968.2,548000,-0.31,0,1,1,2022,17,17,3,894.095,893.3895442654779,65.38339166401528,29.67081665543219,23.907506310409676
2022-01-18,933.8,970.0,980.8,929.6,1176000,-4.15,1,1,1,2022,18,18,3,888.6850000000001,884.8831805039492,60.98960200788812,25.67099369220557,22.466678724154047
2022-01-19,940.8,933.8,966.2,918.2,838000,0.75,2,1,1,2022,19,19,3,885.8950000000001,879.7340416096281,62.9008746355685,24.305823383618986,21.665599982141167
2022-01-20,958.6,990.0,990.0,925.4,380000,1.89,3,1,1,2022,20,20,3,883.53,873.3060459895889,63.54933726067747,21.497103122351973,21.005544131771714
2022-01-21,919.0,971.4,971.4,894.2,1508000,-4.13,4,1,1,2022,21,21,3,879.775,864.3277350411246,57.41935483870968,15.78710594346444,20.882654384126646
2022-01-24,826.8,932.8,995.0,785.2,2388000,-10.03,0,1,1,2022,24,24,4,877.675,858.5727597822956,32.098765432098745,12.301442548688556,22.1565414942922
2022-01-25,830.0,852.0,852.0,799.6,872000,0.39,1,1,1,2022,25,25,4,878.2850000000001,861.917260812011,38.4318766066838,17.06117483319349,24.620316230693106
2022-01-26,858.0,850.0,869.0,833.2,377000,3.37,2,1,1,2022,26,26,4,879.3100000000001,865.2769724764332,42.83667621776504,22.5623433151153,26.510101580068007
2022-01-27,880.0,875.0,888.8,831.2,323000,2.56,3,1,1,2022,27,27,4,866.6600000000001,866.0429695792158,44.92862509391434,26.404746092911864,27.49704114630618
2022-01-28,898.0,899.8,927.0,880.0,324000,2.05,4,1,1,2022,28,28,4,854.9100000000001,864.573808482291,55.79536370903277,28.684980240675486,27.770114909654758
2022-01-31,894.2,890.2,932.0,860.4,995000,-0.42,0,1,1,2022,31,31,5,841.9350000000001,861.0552620067427,56.72926447574336,29.345424840320106,27.541398576899574
2022-02-01,907.0,910.0,910.0,894.5,234000,1.43,1,1,2,2022,32,1,5,832.625,857.5663422179788,72.22222222222223,30.148458858916456,27.090392011044436
2022-02-02,905.0,910.0,919.5,897.5,353000,-0.22,2,1,2,2022,33,2,5,831.5,852.3627992935554,66.76923076923077,29.431626513795322,26.32587529907643
2022-02-03,888.0,900.5,900.5,880.0,207000,-1.88,3,1,2,2022,34,3,5,829.4,846.822041324456,86.18925831202046,28.292227753094608,25.549437495396703
2022-02-04,877.5,915.0,915.0,875.0,191000,-1.18,4,1,2,2022,35,4,5,828.05,842.4875193586092,77.64565992865636,28.15732638575514,24.863739930972223
2022-02-07,872.5,885.5,892.0,861.0,290000,-0.57,0,1,2,2022,38,7,6,826.95,838.8019950805681,77.72511848341233,28.644672984012686,24.040343317276488
2022-02-08,870.0,875.5,881.5,840.0,274000,-0.29,1,1,2,2022,39,8,6,823.95,835.2548366679963,66.56441717791412,29.35914558056652,22.889260900592436
2022-02-09,885.0,875.5,894.0,871.0,259000,1.72,2,1,2,2022,40,9,6,820.65,831.5974510541012,50.03843197540354,30.098575758996276,21.271789730598915
2022-02-10,884.5,878.5,894.0,878.5,417000,-0.06,3,1,2,2022,41,10,6,816.8,825.9761301124275,51.600893521965745,29.077287357515615,19.065093223499574
2022-02-11,879.0,889.5,915.5,850.5,782000,-0.62,4,1,2,2022,42,11,6,812.675,819.8157227558411,51.34730538922155,27.40171870897109,16.56204468999556
2022-02-14,866.0,875.0,879.0,851.5,149000,-1.48,0,1,2,2022,45,14,7,808.425,813.5857988354034,50.79485238455715,25.42451336178931,13.852126185251674
2022-02-15,878.0,879.0,894.0,865.5,328000,1.39,1,1,2,2022,46,15,7,805.05,808.0685145022879,54.73608098336948,23.85470561521481,10.959029391117266
2022-02-16,893.5,899.5,916.0,890.0,385000,1.77,2,1,2,2022,47,16,7,801.1,800.7073055025288,56.53761869978086,20.282264373365706,7.73511033509288
2022-02-17,883.5,893.0,921.0,875.5,456000,-1.12,3,1,2,2022,48,17,7,795.675,790.9396534501634,55.56374355195285,13.849333706520383,4.598321825524674
2022-02-18,877.0,883.0,920.5,871.0,318000,-0.74,4,1,2,2022,49,18,7,790.075,781.1964590764965,55.530973451327434,6.4553118923792,2.2855688552757463
2022-02-21,839.0,900.0,910.5,821.0,1804000,-4.33,0,1,2,2022,52,21,8,782.65,771.1118758213909,53.47222222222222,-2.414225941559266,1.2431330959998825
2022-02-22,850.5,825.0,866.5,735.0,775000,1.37,1,1,2,2022,53,22,8,777.1,763.9657574868004,54.056162246489855,-9.830774581363471,2.1574728553896696
2022-02-24,605.0,750.0,765.0,370.0,4098000,-28.87,3,1,2,2022,55,24,8,771.075,754.856889853832,25.505050505050505,-20.324903578621047,5.154534714577955
2022-02-25,645.0,660.0,753.5,602.0,1076000,6.61,4,1,2,2022,56,25,8,777.475,770.6312993121301,31.08108108108108,-8.427229628522696,11.524394287877705
2022-03-28,638.5,680.0,699.5,548.0,967000,-1.01,0,1,3,2022,87,28,13,781.475,783.8556466081437,32.36074270557029,2.8083793714723697,16.512300266977803
2022-03-29,708.0,650.0,749.0,638.5,1151000,10.88,1,1,3,2022,88,29,13,790.8,799.1562409879483,47.07560627674751,17.770071158790074,19.93828049085416
2022-03-30,884.5,730.0,970.0,708.0,6587000,24.93,2,1,3,2022,89,30,13,794.925,808.7516347761533,94.84240687679083,29.53179309592963,20.480332823870185
2022-03-31,863.0,887.0,900.0,761.0,2602000,-2.43,3,1,3,2022,90,31,13,790.3,800.7781226473275,92.90322580645162,26.143564832483207,18.21746775585532
2022-04-01,861.0,870.0,949.0,860.5,1831000,-0.23,4,2,4,2022,91,1,13,785.95,794.2284513470462,91.02564102564102,23.62777436048475,16.235943486698346
2022-04-04,855.5,861.5,888.5,815.5,763000,-0.64,0,2,4,2022,94,4,14,781.925,787.1998672783142,91.16719242902208,20.27667053098139,14.387985768251747
2022-04-05,812.5,862.5,862.5,802.0,903000,-5.03,1,2,4,2022,95,5,14,777.95,780.0103796233999,47.09976798143852,16.264510071782638,12.915814577569336
2022-04-06,804.0,800.0,860.0,776.0,703000,-1.05,2,2,4,2022,96,6,14,775.9,776.5904195837578,52.795031055900616,15.28514148463421,12.07864070401601
2022-04-07,808.0,804.5,835.0,790.0,321000,0.5,3,2,4,2022,97,7,14,773.9,773.7052005925744,53.34728033472803,14.67823624816981,11.27701550886146
2022-04-08,802.0,826.5,827.0,787.5,492000,-0.74,4,2,4,2022,98,8,14,771.6,770.0952217075823,55.22088353413654,13.28283012820009,10.42671032403437
2022-04-11,794.0,820.0,820.0,785.5,256000,-1.0,0,2,4,2022,101,11,15,768.775,766.7368239925909,52.74949083503054,11.919488787755881,9.712680372992942
2022-04-12,798.5,785.0,830.0,751.0,773000,0.57,1,2,4,2022,102,12,15,766.075,763.867015991811,54.58248472505092,10.82054054903972,9.160978269302207
2022-04-13,799.0,801.0,829.0,777.0,325000,0.06,2,2,4,2022,103,13,15,764.45,760.2214387277911,55.51102204408817,8.80231148000155,8.746087699367829
2022-04-14,785.0,780.5,844.5,753.0,376000,-1.75,3,2,4,2022,104,14,15,763.975,756.1394849096639,54.320987654320994,6.0473745739927836,8.732031754209398
2022-04-15,771.5,800.0,800.0,695.0,348000,-1.72,4,2,4,2022,105,15,15,763.225,753.1015359527863,52.05183585313174,3.8685660201562087,9.403196049263551
2022-04-18,728.5,779.5,790.0,717.0,651000,-5.57,0,2,4,2022,108,18,16,763.3,751.1648555267639,45.853658536585364,2.405889414784383,10.786853556540386
2022-04-19,728.0,717.5,745.0,705.0,628000,-0.07,1,2,4,2022,109,19,16,764.7,753.550629792739,47.142857142857146,4.882169246985654,12.882094591979387
2022-04-20,730.0,736.5,770.5,711.0,317000,0.27,2,2,4,2022,110,20,16,764.75,756.240169770922,42.30769230769231,8.022698498311911,14.882075928227819
2022-04-21,733.0,730.0,755.0,712.5,377000,0.41,3,2,4,2022,111,21,16,764.725,759.0022929047033,38.89980353634577,11.710825673665568,16.596920285706794
2022-04-22,725.0,733.0,741.0,715.5,148000,-1.09,4,2,4,2022,112,22,16,764.95,761.7393763683561,41.54135338345865,15.942423258590907,17.8184439387171
2022-04-25,825.0,730.0,988.0,727.0,10074000,13.79,0,2,4,2022,115,25,17,765.825,765.6066791439725,65.38461538461539,21.926136201407076,18.287449108748646
2022-04-26,790.5,815.0,845.0,770.0,2958000,-4.18,1,2,4,2022,116,26,17,761.35,759.3547506328118,61.25827814569536,19.062786012762786,17.37777733558404
2022-04-27,792.0,791.5,800.0,752.0,1133000,0.19,2,2,4,2022,117,27,17,758.175,756.0763033310025,67.79661016949152,18.643560339071087,16.95652516628935
2022-04-28,776.0,794.5,800.0,775.0,863000,-2.02,3,2,4,2022,118,28,17,754.125,752.2948615763711,64.39628482972137,17.684569601536396,16.534766373093916
2022-04-29,780.5,776.5,788.5,761.5,427000,0.58,4,2,4,2022,119,29,17,750.725,749.799583847568,63.03030303030303,17.832409502333462,16.247315565983293
2022-05-04,776.0,785.0,788.0,770.0,290000,-0.58,2,2,5,2022,124,4,18,745.775,746.5679610946804,60.12084592145015,17.303544655680298,15.851042081895752
2022-05-05,771.5,771.0,787.0,765.0,318000,-0.58,3,2,5,2022,125,5,18,740.975,743.4698517362257,60.714285714285715,16.835014692778714,15.487916438449615
2022-05-06,764.0,771.5,778.5,755.0,192000,-0.97,4,2,5,2022,126,6,18,736.3,740.5193098137231,60.946745562130175,16.45030896278024,15.151141874867339
2022-05-11,762.0,755.0,765.5,755.0,208000,-0.26,2,2,5,2022,131,11,19,732.45,738.0476582151678,63.93442622950819,16.483643700669063,14.826350102889112
2022-05-12,745.5,750.5,765.0,731.5,293000,-2.17,3,2,5,2022,132,12,19,729.15,735.5263590799223,61.06194690265487,16.490065221382793,14.412026703444125
2022-05-13,740.0,735.5,775.0,735.5,207000,-0.74,4,2,5,2022,133,13,19,725.8,734.4765021409667,65.35433070866142,17.938405922782636,13.892517073959457
2022-05-16,766.0,772.5,775.0,744.0,331000,3.51,0,2,5,2022,136,16,20,722.375,733.8950813137,75.90361445783132,20.086093059147288,12.881044861753663
2022-05-17,789.5,766.5,800.0,760.5,1218000,3.07,1,2,5,2022,137,17,20,717.475,730.5156161888262,88.58131487889273,19.88788874142881,11.079782812405256
2022-05-18,770.0,788.0,819.5,766.0,1260000,-2.47,2,2,5,2022,138,18,20,711.875,724.306733682387,80.97014925373134,16.952902303301812,8.877756330149367
2022-05-19,773.0,772.5,776.5,742.0,358000,0.39,3,2,5,2022,139,19,20,707.65,719.4969161752697,77.5,14.945659216044419,6.858969836861255
2022-05-20,756.5,780.0,780.0,748.5,368000,-2.13,4,2,5,2022,140,20,20,703.325,713.8650126147718,77.65957446808511,11.860841177893235,4.8372974920654634
2022-05-23,729.0,757.0,765.0,719.5,283000,-3.64,0,2,5,2022,143,23,21,699.95,709.3771192058005,73.85892116182572,9.430970282974727,3.08141157060852
2022-05-24,729.5,729.0,739.5,722.0,193000,0.07,1,2,5,2022,144,24,21,697.675,707.311552806411,74.89878542510121,8.992393682071679,1.4940218925169684
2022-05-25,737.5,733.0,744.5,725.0,288000,1.1,2,2,5,2022,145,25,21,695.3,704.9759267860331,74.0,8.250902912452716,-0.3805710548717094
2022-05-26,742.5,739.5,766.5,726.0,428000,0.68,3,2,5,2022,146,26,21,692.4,701.5523401319313,72.265625,6.369932469594346,-2.538439546702816
2022-05-27,735.5,745.0,759.5,719.0,547000,-0.94,4,2,5,2022,147,27,21,689.325,697.2420601458188,70.08196721311475,3.367385722969857,-4.765532550777106
2022-05-30,727.0,745.0,745.0,723.0,387000,-1.16,0,2,5,2022,150,30,22,687.8,693.2149085822207,66.37931034482759,0.19879135585335916,-6.798762119213847
2022-05-31,711.0,727.0,749.0,709.0,440000,-2.2,1,2,5,2022,151,31,22,686.2,689.6585831698229,63.03317535545024,-2.982924237896782,-8.548150487980648
2022-06-01,708.0,719.5,722.0,701.0,532000,-0.42,2,2,6,2022,152,1,22,685.6,687.4121182403306,62.50000000000001,-5.37147142500487,-9.939457050501614
2022-06-02,681.5,709.0,709.0,676.5,748000,-3.74,3,2,6,2022,153,2,22,683.975,685.2449727919444,51.24999999999999,-8.036541159459148,-11.081453456875801
2022-06-03,680.0,695.5,695.5,668.0,540000,-0.22,4,2,6,2022,154,3,22,683.825,685.6391804542543,49.375,-8.623062294570445,-11.842681531229964
2022-06-06,678.0,680.0,689.5,669.5,313000,-0.29,0,2,6,2022,157,6,23,683.525,686.2327783968075,36.76470588235295,-9.09352291000971,-12.647586340394842
2022-06-07,687.0,678.0,687.5,654.5,658000,1.33,1,2,6,2022,158,7,23,683.275,687.099386649103,46.11650485436893,-9.358095944115576,-13.536102197991124
2022-06-08,696.0,690.0,702.0,687.0,593000,1.31,2,2,6,2022,159,8,23,682.825,687.1098484016402,48.46938775510204,-10.476033221187322,-14.580603761460008
2022-06-09,678.5,688.0,708.0,668.5,589000,-2.51,3,2,6,2022,160,9,23,682.325,686.1740429702339,51.44230769230769,-12.666912680705195,-15.606746396528179
2022-06-10,671.5,672.5,681.0,668.0,274000,-1.03,4,2,6,2022,161,10,23,682.875,686.9818369671007,46.5,-13.497207370043157,-16.341704825483923
2022-06-14,668.0,670.0,675.0,656.5,366000,-0.52,1,2,6,2022,165,14,24,683.35,688.6115040162691,47.02970297029703,-13.647915029961155,-17.052829189344113
2022-06-15,677.5,665.0,693.5,660.0,189000,1.42,2,2,6,2022,166,15,24,684.05,690.7811360179817,52.432432432432435,-13.285394042729877,-17.90405772918985
2022-06-16,685.5,675.0,688.0,675.0,159000,1.18,3,2,6,2022,167,16,24,683.225,692.179150335664,54.18994413407822,-13.596716069314994,-19.058723650804847
2022-06-17,686.5,687.5,687.5,680.0,102000,0.15,4,2,6,2022,168,17,24,682.1,692.8822187920497,50.25906735751296,-14.610851222239035,-20.42422554617731
2022-06-20,689.0,685.5,690.0,672.0,247000,0.36,0,2,6,2022,171,20,25,681.15,693.554031296476,49.743589743589745,-15.794553163284036,-21.877569127161877
2022-06-21,683.5,689.5,693.5,680.0,353000,-0.8,1,2,6,2022,172,21,25,680.15,694.0334030118945,51.243781094527364,-17.330193776570127,-23.398323118131337
2022-06-22,682.0,689.0,689.5,655.0,439000,-0.22,2,2,6,2022,173,22,25,680.45,695.1421822763044,50.0,-18.478154068050685,-24.915355453521638
2022-06-23,679.5,693.5,693.5,675.5,275000,-0.37,3,2,6,2022,174,23,25,680.775,696.5255698843365,57.80590717299578,-19.521868417277915,-26.524655799889373
2022-06-24,681.0,679.5,688.5,672.5,219000,0.22,4,2,6,2022,175,24,25,681.2,698.3177351353194,57.56302521008404,-20.315527555130984,-28.275352645542238
2022-06-27,705.0,685.0,732.5,672.0,797000,3.52,0,2,6,2022,178,27,26,682.475,700.1406546232477,68.84422110552764,-21.185753908461606,-30.26530891814505
2022-06-28,695.0,705.0,720.0,692.0,399000,-1.42,1,2,6,2022,179,28,26,682.9,699.6291445835896,64.28571428571428,-24.431959124407854,-32.53519767056591
2022-06-29,699.0,695.5,708.0,695.0,444000,0.58,2,2,6,2022,180,29,26,683.45,700.1164229608096,54.418604651162795,-27.20174164913317,-34.56100730710541
2022-06-30,675.5,702.0,730.0,650.0,1366000,-3.36,3,2,6,2022,181,30,26,683.675,700.2339411672106,42.35294117647059,-30.748602374886104,-36.40082372159848
2022-07-01,678.5,675.5,694.5,650.0,542000,0.44,4,3,7,2022,182,1,26,685.225,702.8375139216537,44.24242424242425,-32.4357067575761,-37.81387905827657
2022-07-04,674.0,678.5,686.0,669.0,296000,-0.66,0,3,7,2022,185,4,27,690.55,705.399357492354,33.160621761658035,-34.422727889553926,-39.15842213345168
2022-07-05,673.0,681.0,681.0,670.5,259000,-0.15,1,3,7,2022,186,5,27,701.25,708.704553017865,30.243902439024396,-36.00001336506682,-40.342345694426115
2022-07-06,678.0,678.5,680.0,671.0,235000,0.74,2,3,7,2022,187,6,27,707.775,712.4629270197455,36.666666666666664,-37.38774845032026,-41.42792877676593
2022-07-07,686.0,685.5,693.0,677.0,403000,1.18,3,3,7,2022,188,7,27,712.1,716.0906035481398,41.20603015075377,-39.12427216349374,-42.43797385837735
2022-07-08,689.5,682.5,696.5,679.5,264000,0.51,4,3,7,2022,189,8,27,719.15,719.2580355005755,41.41414141414141,-41.58617301683887,-43.26639928209825
2022-07-11,681.0,692.5,696.0,681.0,172000,-1.23,0,3,7,2022,192,11,28,724.425,722.3904602901098,19.23076923076924,-44.479927589409044,-43.6864558484131
2022-07-12,682.0,698.0,698.0,677.5,218000,0.15,1,3,7,2022,193,12,28,731.475,726.7473508469634,11.992619926199268,-46.660975388007046,-43.48808791316411
2022-07-13,661.0,680.0,690.0,658.0,354000,-3.08,2,3,7,2022,194,13,28,738.975,731.4575983045385,28.699551569506724,-48.867898572573836,-42.69486604445337
2022-07-14,663.0,663.5,685.0,662.0,215000,0.3,3,3,7,2022,195,14,28,747.925,738.874187599753,36.33916554508748,-48.83574745800172,-41.15160791242325
2022-07-15,667.5,673.5,676.0,651.5,277000,0.68,4,3,7,2022,196,15,28,756.95,746.8609441892007,31.431897555296857,-48.288009163286006,-39.23057302602863
2022-07-18,669.0,673.5,674.0,663.0,136000,0.22,0,3,7,2022,199,18,29,767.95,755.214727788064,36.30434782608696,-47.34470669747384,-36.966213991714284
2022-07-19,689.5,674.0,706.0,671.0,693000,3.06,1,3,7,2022,200,19,29,779.1,764.2899622920708,35.79849946409432,-45.604786725510166,-34.371590815274395
2022-07-20,688.5,698.0,705.0,670.5,652000,-0.15,2,3,7,2022,201,20,29,789.325,772.1625899017624,34.910620399579386,-44.80794651801466,-31.563291837715454
2022-07-21,688.0,678.5,691.5,663.0,344000,-0.07,3,3,7,2022,202,21,29,800.175,780.9691783124742,34.26501035196688,-43.03731852200383,-28.25212816764065
2022-07-22,706.5,710.0,710.0,673.0,1365000,2.69,4,3,7,2022,203,22,29,812.125,790.7554076085241,35.363247863247864,-40.10044688313906,-24.555830579049854
2022-07-25,713.5,728.0,736.5,708.5,3002000,0.99,0,3,7,2022,206,25,30,823.6,799.6243978831056,32.77227722772277,-37.652287854869655,-20.66967650302755
2022-07-26,706.0,713.5,718.0,686.0,1054000,-1.05,1,3,7,2022,207,26,30,834.675,808.6901239760641,31.47410358565736,-34.69260432635315,-16.424023665067022
2022-07-27,703.5,699.0,712.0,699.0,489000,-0.35,2,3,7,2022,208,27,30,845.525,819.4996107103867,31.006979062811567,-29.64671583248139,-11.856878499745488
2022-07-28,706.5,709.5,709.5,701.0,539000,0.43,3,3,7,2022,209,28,30,856.525,831.7100960483222,30.490196078431367,-22.520556833649152,-7.409419166561512
2022-07-29,785.0,709.0,838.0,707.0,9227000,11.11,4,3,7,2022,210,29,30,867.05,844.8901061586719,34.32671081677704,-13.402869430286387,-3.6316347497896015
2022-08-01,888.0,787.0,925.5,787.0,14233000,13.12,0,3,8,2022,213,1,31,873.175,851.1943278595846,43.31476323119777,-9.563161225553813,-1.1888260796654049
2022-08-02,803.5,905.0,944.0,792.0,11891000,-9.52,1,3,8,2022,214,2,31,873.925,847.3200465816461,26.134301270417424,-15.01046949914155,0.9047577068066972
2022-08-03,764.5,808.5,808.5,755.5,4564000,-4.85,2,3,8,2022,215,3,31,878.625,851.9326830639246,18.10865191146881,-13.14124523016983,4.883564508293759
2022-08-04,827.0,760.5,839.0,760.5,6797000,8.18,3,3,8,2022,216,4,31,885.2,861.1361233864429,24.128686327077745,-6.593380868970598,9.389766942909656
2022-08-05,795.0,830.0,831.0,765.0,3851000,-3.87,4,3,8,2022,217,5,31,888.625,864.7293995323844,12.111801242236027,-4.503657544400426,13.385553895879719
2022-08-08,822.0,808.5,827.0,782.5,2645000,3.4,0,3,8,2022,220,8,32,893.675,872.0693363252669,20.209059233449466,1.4872788814240039,17.857856755949754
2022-08-09,832.0,821.5,841.5,800.0,2087000,1.22,1,3,8,2022,221,9,32,897.35,877.3397927805581,24.27536231884058,6.363168226655716,21.950501224581192
2022-08-10,840.0,832.0,847.0,812.5,1304000,0.96,2,3,8,2022,222,10,32,900.125,882.1124025469326,28.782287822878217,11.475839089454666,25.847334474062556
2022-08-11,843.5,840.0,844.0,808.5,1803000,0.42,3,3,8,2022,223,11,32,901.475,886.5452870255571,30.337078651685403,17.019999513034918,29.440208320214527
2022-08-12,887.5,842.5,938.0,837.5,8778000,5.22,4,3,8,2022,224,12,32,902.725,891.0763698703526,45.55555555555555,23.492437006215027,32.54526052200943
2022-08-15,892.0,899.0,899.5,843.0,5989000,0.51,0,3,8,2022,227,15,33,901.375,891.4528298567054,47.67441860465116,26.93191268651094,34.808466400958025
2022-08-16,894.0,890.0,909.5,889.0,1659000,0.22,1,3,8,2022,228,16,33,900.375,891.3952329995165,49.112426035502956,30.472015643012014,36.777604829569796
2022-08-17,905.5,891.0,909.0,891.0,1459000,1.29,2,3,8,2022,229,17,33,900.175,891.1210469994655,61.11111111111111,34.34360864359314,38.35400212620924
2022-08-18,927.0,912.0,953.0,904.0,4372000,2.37,3,3,8,2022,230,18,33,898.7,889.6074729994093,87.5,37.61471667497369,39.35660049686326
2022-08-19,936.0,924.0,936.0,918.5,1029000,0.97,4,3,8,2022,231,19,33,896.1,885.6714175256628,96.55172413793103,39.05362595611791,39.79207145233565
2022-08-22,935.0,936.5,945.0,912.5,1986000,-0.11,0,3,8,2022,234,22,34,892.7,880.3736720020485,96.85534591194968,39.405781061053176,39.976682826390075
2022-08-23,923.0,933.5,940.0,909.5,1467000,-1.28,1,3,8,2022,235,23,34,888.95,874.6235322127905,82.27848101265823,39.38390221591874,40.1194082677243
2022-08-24,923.5,929.0,929.0,914.0,349000,0.05,2,3,8,2022,236,24,34,883.0,869.5312724457158,67.35751295336789,40.004938275897416,40.30328478067569
2022-08-25,917.0,925.0,928.0,896.0,793000,-0.7,3,3,8,2022,237,25,34,874.275,863.8503537557912,69.71153846153847,40.164807017529824,40.37787140687025
2022-08-26,907.5,916.0,917.0,890.0,1132000,-1.04,4,3,8,2022,238,26,34,866.175,858.2556541511375,67.01570680628272,40.446460472958506,40.43113750420535
2022-08-29,903.0,910.0,913.5,898.0,1193000,-0.5,0,3,8,2022,241,29,35,856.575,853.0720387986256,67.85714285714286,41.18491327646245,40.42730676201707
2022-08-30,897.5,899.5,904.5,883.0,934000,-0.61,1,3,8,2022,242,30,35,844.675,847.8164639353231,68.65671641791045,41.98657611618637,40.23790513340572
2022-08-31,896.0,881.0,902.5,874.5,1086000,-0.17,2,3,8,2022,243,31,35,834.025,842.5866180337781,79.67741935483872,42.95907557901671,39.80073738771055
2022-09-01,895.5,902.0,902.0,876.0,670000,-0.06,3,3,9,2022,244,1,35,822.35,836.9641567741758,84.96420047732697,43.728206521334414,39.011152839884005
2022-09-02,896.0,898.5,906.0,885.5,627000,0.06,4,3,9,2022,245,2,35,811.0,830.8024890661943,82.7906976744186,44.12475973830965,37.831889419521396
2022-09-05,895.5,897.0,900.0,888.0,630000,-0.06,0,3,9,2022,248,5,36,799.25,823.9395931784252,85.43307086614173,43.93818206632807,36.25867183982433
2022-09-06,887.5,895.5,907.0,865.0,1608000,-0.89,1,3,9,2022,249,6,36,788.45,816.4069187761542,87.52107925801012,43.1118493713069,34.338794283198396
2022-09-07,867.0,884.5,889.0,866.0,886000,-2.31,2,3,9,2022,250,7,36,777.6,808.9234365420651,80.87986463620982,42.244612376988016,32.145530511171266
2022-09-08,868.5,867.5,873.0,857.5,400000,0.17,3,3,9,2022,251,8,36,768.1,802.8101140728088,82.59493670886076,42.61050825148311,29.620760044717073
2022-09-09,860.5,860.0,870.0,856.5,927000,-0.92,4,3,9,2022,252,9,36,759.975,795.8953892383677,80.57324840764332,42.30500795672617,26.37332299302556
2022-09-12,872.0,919.5,919.5,861.0,3028000,1.34,0,3,9,2022,255,12,37,751.6,789.094903895038,84.03225806451613,42.114278373865886,22.390401752100402
2022-09-13,890.0,880.5,900.0,870.0,2089000,2.06,1,3,9,2022,256,13,37,742.975,780.368051673463,83.89694041867955,40.087357657213374,17.45943259665903
2022-09-14,876.0,895.0,895.0,869.0,823000,-1.57,2,3,9,2022,257,14,37,734.725,768.8278465864591,83.63338788870703,35.08445364930833,11.802451331520444
2022-09-15,875.0,872.5,889.0,872.5,647000,-0.11,3,3,9,2022,258,15,37,728.55,757.5465672797706,81.83279742765274,29.61406411704695,5.981950752073473
2022-09-16,868.0,879.0,880.0,862.5,712000,-0.8,4,3,9,2022,259,16,37,721.675,745.1830480460621,74.32432432432432,22.302925999621493,0.07392241083010287
2022-09-19,860.0,865.0,876.5,848.0,945000,-0.92,0,3,9,2022,262,19,38,714.65,732.2549478403845,74.70414201183432,13.359576242476692,-5.4833284863677445
2022-09-20,804.0,861.5,867.5,760.5,2954000,-6.51,1,3,9,2022,263,20,38,709.15,718.8081002446354,68.1109185441941,2.5648341707394593,-10.194054668578854
2022-09-21,749.0,772.0,799.5,700.0,1422000,-6.84,2,3,9,2022,264,21,38,705.7,709.8405318493338,54.63320463320464,-5.548670570579475,-13.383776878408433
2022-09-22,755.0,750.0,806.0,735.0,1214000,0.8,3,3,9,2022,265,22,38,704.175,705.7184825703163,50.44563279857398,-10.223745050290859,-15.342553455365673
2022-09-23,715.5,747.5,760.0,699.5,850000,-5.23,4,3,9,2022,266,23,38,702.775,700.5309544198232,45.703125,-16.653040185481814,-16.622255556634375
2022-09-26,665.0,710.0,744.5,634.0,1525000,-7.06,0,3,9,2022,269,26,39,706.175,698.9552654113835,35.498839907192576,-20.595114482609574,-16.614559399422514
2022-09-27,684.5,665.5,721.0,661.0,1384000,2.93,1,3,9,2022,270,27,39,711.35,702.5295038757396,35.01144164759725,-20.18525128392355,-15.61942062862575
2022-09-28,662.5,697.5,701.0,660.5,856000,-3.21,2,3,9,2022,271,28,39,715.9,704.4273463889754,32.86052009456266,-21.35396769165277,-14.4779629648013
2022-09-29,668.5,722.0,722.0,607.5,5318000,0.91,3,3,9,2022,272,29,39,721.35,708.8407512720254,38.73873873873874,-20.295071649275997,-12.75896178308843
2022-09-30,661.0,668.5,686.0,610.0,2488000,-1.12,4,3,9,2022,273,30,39,726.925,713.0871461427649,35.201793721973104,-19.259243294834505,-10.874934316541538
2022-10-03,679.5,640.0,699.0,640.0,2314000,2.8,0,4,10,2022,276,3,40,732.45,718.570003631477,30.076628352490417,-16.89337883814983,-8.778857071968297
2022-10-04,670.5,684.5,696.5,663.0,1188000,-1.32,1,4,10,2022,277,4,40,736.425,722.6826355926852,31.647940074906373,-15.511589966699262,-6.7502266304229135
2022-10-05,677.0,697.0,730.0,651.0,3537000,0.97,2,4,10,2022,278,5,40,741.025,728.1755446024415,31.588785046728972,-12.60593813489595,-4.559885796353827
2022-10-06,706.0,678.0,709.5,666.0,3376000,4.28,3,4,10,2022,279,6,40,744.925,733.5624440342774,36.49484536082474,-9.375728878522978,-2.548372711718295
2022-10-07,693.0,700.0,704.5,681.5,2169000,-1.84,4,4,10,2022,280,7,40,746.45,736.4637539326224,31.722689075630257,-8.069160280337428,-0.8415336700171242
2022-10-10,699.5,675.0,703.0,639.0,1535000,0.94,0,4,10,2022,283,10,41,749.275,741.0388859255299,35.0,-4.960497665484695,0.9653729825629518
2022-10-11,725.0,696.5,735.0,696.5,1614000,3.65,1,4,10,2022,284,11,41,751.575,745.4114002334804,42.51101321585903,-1.5823792346657228,2.4468406445748636
2022-10-12,752.5,766.0,766.0,731.5,1581000,3.79,2,4,10,2022,285,12,41,752.375,747.5599686791099,47.53694581280788,0.1559810786293383,3.45414561438501
2022-10-13,737.5,757.5,757.5,727.0,1173000,-1.99,3,4,10,2022,286,13,41,752.45,747.0399653821742,45.52429667519182,-0.42750784627230587,4.278686748323928
2022-10-14,727.5,749.0,752.5,725.5,514000,-1.36,4,4,10,2022,287,14,41,753.35,748.0441722645082,47.794117647058826,0.3612391309808345,5.455235396972986
2022-10-17,750.0,727.5,754.0,727.5,1320000,3.09,0,4,10,2022,290,17,42,754.55,750.2067167134039,50.12853470437018,2.3808945218605686,6.7287344634710236
2022-10-18,735.0,759.5,759.5,710.0,3009000,-2.0,1,4,10,2022,291,18,42,754.425,750.2284763674464,47.13896457765667,2.633168936810989,7.815694448873637
2022-10-19,718.5,725.0,734.5,704.0,2105000,-2.24,2,4,10,2022,292,19,42,754.7,751.8314738798092,43.4402332361516,4.444134914630354,9.111325826889297
2022-10-20,727.0,722.0,735.0,720.0,1303000,1.18,3,4,10,2022,293,20,42,755.225,755.3400500776838,42.32954545454546,8.370944073015949,10.278123554954032
2022-10-21,783.5,720.0,787.5,719.0,4818000,7.77,4,4,10,2022,294,21,42,755.625,758.3232132437558,61.570247933884296,12.395766757747992,10.754918425438554
2022-10-24,768.5,791.5,831.0,765.0,10597000,-1.91,0,4,10,2022,297,24,43,752.95,755.6730251641512,57.72727272727272,11.599874740693394,10.344706342361194
2022-10-25,775.5,770.0,781.5,766.0,3243000,0.91,1,4,10,2022,298,25,43,751.475,754.3228172866935,63.08411214953271,11.942574388151684,10.030914242778143
2022-10-26,771.5,775.5,779.5,762.0,2447000,-0.52,2,4,10,2022,299,26,43,749.675,752.093640158977,64.0909090909091,11.493546310716283,9.552999206434759
2022-10-27,780.0,774.0,790.0,766.0,3375000,1.1,3,4,10,2022,300,27,43,747.975,750.0508654388693,72.56637168141593,11.160517072815537,9.067862430364377
2022-10-28,771.5,780.0,782.5,770.0,1164000,-1.09,4,4,10,2022,301,28,43,746.075,746.8983249587502,66.5158371040724,9.70766132447227,8.544698769751585
2022-10-31,759.0,771.5,776.5,730.0,2848000,-1.62,0,4,10,2022,304,31,44,744.9,744.3086749544082,64.07766990291262,8.577541277321643,8.253958131071414
2022-11-01,762.5,759.0,775.0,759.0,1299000,0.46,1,4,11,2022,305,1,44,744.45,742.7622196864512,60.8294930875576,8.283060180379266,8.173062344508857
2022-11-02,755.0,769.0,769.0,752.5,1140000,-0.98,2,4,11,2022,306,2,44,743.525,740.6845586008145,57.63546798029556,7.430350704931016,8.145562885541253
2022-11-03,736.5,751.5,751.5,716.0,2052000,-2.45,3,4,11,2022,307,3,44,742.625,739.1776700324792,49.411764705882355,6.9975418732872186,8.324365930693812
2022-11-07,749.5,739.5,750.0,736.0,3593000,1.77,0,4,11,2022,311,7,45,742.325,739.4595300358981,54.90196078431373,8.226974355468428,8.656071945045461
2022-11-08,745.5,749.5,760.0,736.5,2822000,-0.53,1,4,11,2022,312,8,45,741.3,738.4026384607295,48.40764331210192,8.352875823918339,8.76334634243972
2022-11-09,741.0,748.5,749.0,735.5,2354000,-0.6,2,4,11,2022,313,9,45,740.175,737.6555477723851,44.07894736842105,8.79934823166468,8.865963972070064
2022-11-10,754.0,740.0,765.0,739.5,3468000,1.75,3,4,11,2022,314,10,45,739.325,737.3035001694783,57.2463768115942,9.69940067600055,8.88261790717141
2022-11-11,755.5,766.0,766.0,754.0,2569000,0.2,4,4,11,2022,315,11,45,737.575,735.5459738715286,62.41610738255034,9.383476331483735,8.678422214964124
2022-11-14,751.5,750.0,756.5,746.5,2202000,-0.53,0,4,11,2022,318,14,46,735.05,733.4455500685316,63.63636363636363,8.691027785115239,8.502158685834221
2022-11-15,747.5,752.0,754.0,742.0,1383000,-0.53,1,4,11,2022,319,15,46,733.025,731.5450816546928,62.41610738255034,8.08806941814862,8.454941411013966
2022-11-16,740.5,743.0,745.5,712.0,2901000,-0.94,2,4,11,2022,320,16,46,731.45,729.8656165657131,61.904761904761905,7.608103365501847,8.546659409230301
2022-11-17,729.0,743.0,743.0,720.0,1779000,-1.55,3,4,11,2022,321,17,46,729.65,728.7462077831566,53.96825396825397,7.597556100261841,8.781298420162415
2022-11-18,735.0,729.0,737.0,718.5,1550000,0.82,4,4,11,2022,322,18,46,727.85,728.7194928129626,62.903225806451616,8.644493138442499,9.077234000137556
2022-11-21,730.0,735.0,735.5,724.5,740000,-0.68,0,4,11,2022,325,21,47,725.85,728.0583867932744,67.6056338028169,9.244118330615834,9.185419215561321
2022-11-22,739.0,742.5,744.5,727.5,1810000,1.23,1,4,11,2022,326,22,47,723.825,727.8540064557243,70.58823529411765,10.384089127453421,9.170744436797692
2022-11-23,739.5,739.0,749.0,737.5,1002000,0.07,2,4,11,2022,327,23,47,721.9,726.6807439773794,66.20689655172413,10.771701466290551,8.86740826413376
2022-11-24,737.5,739.5,745.0,719.0,1572000,-0.27,3,4,11,2022,328,24,47,719.8,725.3313486065772,70.1219512195122,11.0588473756236,8.391334963594561
2022-11-25,742.0,743.0,764.0,733.0,3104000,0.61,4,4,11,2022,329,25,47,717.7,724.0504379335853,77.52808988764045,11.468130374436328,7.724456860587301
2022-11-28,748.0,747.5,787.5,721.0,5835000,0.81,0,4,11,2022,332,28,48,715.5,722.1610103476469,81.1764705882353,11.365533323838122,6.788538482125044
2022-11-29,750.0,750.0,753.0,737.5,2051000,0.27,1,4,11,2022,333,29,48,712.825,719.4411167000309,84.18079096045197,10.458356240000512,5.644289771696775
2022-11-30,744.0,749.0,756.0,741.0,1074000,-0.8,2,4,11,2022,334,30,48,709.975,716.2243921421393,73.2620320855615,8.944710489502427,4.44077315462084
2022-12-01,737.0,758.0,758.0,737.0,906000,-0.94,3,4,12,2022,335,1,48,707.2,713.300643946575,72.06703910614524,7.493552306292031,3.3147888209004424
2022-12-02,730.5,743.0,743.0,725.0,2118000,-0.88,4,4,12,2022,336,2,48,704.75,710.8059748883197,70.58823529411765,6.24507691890301,2.270097949552545
2022-12-05,729.0,731.0,736.0,711.0,2043000,-0.21,0,4,12,2022,339,5,49,702.725,708.732919613406,68.02325581395348,5.222549032905931,1.2763532072149284
2022-12-06,723.0,729.0,734.5,720.0,1702000,-0.82,1,4,12,2022,340,6,49,700.95,706.5995427306066,67.06586826347305,3.9941945452092114,0.28980425079217764
2022-12-07,724.0,721.5,727.5,720.0,416000,0.14,2,4,12,2022,341,7,49,699.75,704.8731788075125,68.45238095238095,2.979179260255023,-0.6362933228120807
2022-12-08,719.0,720.0,723.0,718.0,395000,-0.69,3,4,12,2022,342,8,49,698.125,702.8598292083034,68.26347305389221,1.5384989618554528,-1.5401614685788565
2022-12-09,705.0,724.5,724.5,700.0,1322000,-1.95,4,4,12,2022,343,9,49,696.625,701.1608638618089,62.142857142857146,0.1863797597256962,-2.309826576187434
2022-12-12,711.0,707.0,715.5,706.0,1168000,0.85,0,4,12,2022,346,12,50,695.925,700.7567442683152,65.9090909090909,-0.1166724547706508,-2.9338781601657167
2022-12-13,716.0,710.0,717.5,706.0,701000,0.7,1,4,12,2022,347,13,50,695.05,699.6785068228747,67.44186046511628,-1.112689318294656,-3.6381795865144833
2022-12-14,704.5,716.0,716.0,701.5,555000,-1.61,2,4,12,2022,348,14,50,694.175,697.9604549094931,54.7008547008547,-2.8768753612901037,-4.26955215356944
2022-12-15,693.0,704.0,710.0,690.0,1048000,-1.63,3,4,12,2022,349,15,50,694.5,697.2720817420714,51.37614678899082,-3.915863723639859,-4.617721351639274
2022-12-16,695.0,690.5,700.5,685.0,602000,0.29,4,4,12,2022,350,16,50,695.375,697.7217745570263,55.45454545454545,-4.014123579240845,-4.793185758639127
2022-12-19,689.5,695.0,700.0,682.0,614000,-0.79,0,4,12,2022,353,19,51,697.175,698.0082771419765,48.54368932038835,-4.284787997418789,-4.987951303488697
2022-12-20,700.5,695.0,716.5,682.5,1061000,1.6,1,4,12,2022,354,20,51,698.55,698.9038852621845,58.13953488372093,-4.007930029385534,-5.163742130006174
2022-12-21,697.5,705.0,710.5,695.0,861000,-0.43,2,4,12,2022,355,21,51,699.65,698.7358731845197,48.88888888888889,-4.716261422486468,-5.452695155161333
2022-12-22,695.5,700.0,703.0,694.5,584000,-0.29,3,4,12,2022,356,22,51,700.35,698.8659650986797,36.036036036036045,-5.246295143535463,-5.636803588330049
2022-12-23,698.0,695.5,701.5,693.0,526000,0.36,4,4,12,2022,357,23,51,700.9,699.2202772143303,38.31775700934579,-5.642864799950189,-5.734430699528695
2022-12-26,694.5,694.0,703.5,690.0,723000,-0.5,0,4,12,2022,360,26,52,701.7,699.3487274474177,24.113475177304963,-6.321499309774822,-5.757322174423321
2022-12-27,693.0,699.5,699.5,690.0,1022000,-0.22,1,4,12,2022,361,27,52,702.875,699.8591198103038,35.5421686746988,-6.739371003263159,-5.616277890585446
2022-12-28,688.5,693.0,694.0,688.0,621000,-0.65,2,4,12,2022,362,28,52,704.175,700.5811324219147,29.76190476190476,-7.021972750177383,-5.335504612416018
2022-12-29,688.0,688.0,691.0,685.0,618000,-0.07,3,4,12,2022,363,29,52,705.5,701.85283057159,37.56613756613756,-6.822355739872592,-4.913887577975676
2022-12-30,690.0,688.0,693.0,686.0,728000,0.29,4,4,12,2022,364,30,52,706.875,703.3110232633362,41.53846153846154,-6.417428490503539,-4.436770537501447
2023-01-03,693.5,691.0,702.0,689.5,717000,0.51,1,1,1,2023,3,3,1,708.35,704.7121836068453,39.90147783251232,-6.010886023265243,-3.9416060492509235
2023-01-04,699.0,693.0,700.0,691.5,620000,0.79,2,1,1,2023,4,4,1,709.7,705.8924134601974,40.5,-5.760922568379101,-3.4242860557473436
2023-01-05,691.5,699.0,702.0,690.0,712000,-1.07,3,1,1,2023,5,5,1,710.7,706.617930666534,35.294117647058826,-5.9180830667844475,-2.840126927589404
2023-01-06,689.0,691.5,692.0,687.0,381000,-0.36,4,1,1,2023,6,6,1,712.125,708.209291789327,36.31578947368421,-5.268959440141089,-2.070637892790643
2023-01-09,691.0,690.0,693.0,688.0,636000,0.29,0,1,1,2023,9,9,2,713.525,710.231322503993,36.898395721925134,-4.109256783005208,-1.2710575059530314
2023-01-10,693.5,691.0,694.0,689.0,494000,0.36,1,1,1,2023,10,10,2,714.875,712.2556722412554,36.31578947368421,-2.7729198383261746,-0.5615076866899872
2023-01-11,698.5,693.5,699.0,693.5,1033000,0.72,2,1,1,2023,11,11,2,716.025,714.2299535298087,37.91208791208791,-1.2814800312876287,-0.0086546487809403
2023-01-12,711.0,698.5,730.5,698.5,6784000,1.79,3,1,1,2023,12,12,2,716.9,715.8857381118938,45.00000000000001,0.1316883046969224,0.3095516968457318
2023-01-13,710.5,712.0,717.5,701.0,2172000,-0.07,4,1,1,2023,13,13,2,717.15,716.4000263341985,44.099378881987576,0.6607622418305255,0.35401754488293413
2023-01-16,731.0,716.5,745.0,703.5,6416000,2.89,0,1,1,2023,16,16,3,717.5,717.0210817377985,61.11111111111111,1.3773509798909345,0.27733137064603625
2023-01-17,717.0,734.0,738.0,715.0,1842000,-1.92,1,1,1,2023,17,17,3,717.6,715.5496166575667,49.00000000000001,0.18467186403495361,0.0023264683348116696
2023-01-18,722.5,723.0,729.5,712.5,1419000,0.77,2,1,1,2023,18,18,3,717.7,715.3969447267842,56.52173913043478,0.0851480199563639,-0.043259880590223815
2023-01-19,711.5,723.5,723.5,705.5,1677000,-1.52,3,1,1,2023,19,19,3,716.275,714.6492546980246,43.66197183098591,-0.6031191122306154,-0.07536185572687074
2023-01-20,706.5,715.0,715.0,686.0,1811000,-0.7,4,1,1,2023,20,20,3,715.6,714.9807551925535,34.42622950819671,-0.3528256102257501,0.05657745839906543
2023-01-23,714.0,706.5,716.5,704.0,738000,1.06,0,1,1,2023,23,23,4,715.075,715.8734662654539,42.857142857142854,0.48086283211819136,0.1589282255552693
2023-01-24,718.0,714.5,730.0,714.5,1977000,0.56,1,1,1,2023,24,24,4,713.95,716.0706732407648,29.166666666666657,0.7743217118792245,0.07844457391453878
2023-01-25,719.0,717.5,721.5,710.5,890000,0.14,2,1,1,2023,25,25,4,713.0,715.8675862134768,50.0,0.7303463662376544,-0.09552471057663264
2023-01-26,715.0,719.0,721.5,707.0,1502000,-0.56,3,1,1,2023,26,26,4,712.45,715.5378584464744,65.0,0.5617764324734935,-0.3019924797802044
2023-01-27,715.5,718.5,720.5,706.0,735000,0.07,4,1,1,2023,27,27,4,711.775,715.5944751250506,61.904761904761905,0.745721332542189,-0.5179347078436288
2023-01-30,719.5,713.0,727.0,707.0,2667000,0.56,0,1,1,2023,30,30,5,711.225,715.604419875056,66.43356643356644,0.9187459674292313,-0.8338487179400832
2023-01-31,720.5,719.5,728.0,719.0,1905000,0.14,1,1,1,2023,31,31,5,710.6,715.1943588092724,69.33333333333334,0.7189520146133646,-1.271997389282412
2023-02-01,719.0,720.0,723.0,718.0,1301000,-0.21,2,1,2,2023,32,1,5,710.55,714.6358702628801,62.345679012345684,0.3516666128068664,-1.769734740256356
2023-02-02,720.0,723.5,724.0,719.0,714000,0.14,3,1,2,2023,33,2,5,709.95,714.1764881852885,56.741573033707866,0.03048900376927577,-2.3000850785221614
2023-02-03,717.0,721.0,722.5,708.5,1164000,-0.42,4,1,2,2023,34,3,5,709.5,713.5634869416347,58.37837837837838,-0.48171207545703965,-2.8827285990950204
2023-02-06,718.0,715.5,723.0,714.0,856000,0.14,0,1,2,2023,37,6,6,709.275,713.2017487249647,57.142857142857146,-0.8230056409356621,-3.4829827300045153
2023-02-07,716.5,720.0,722.5,712.5,1070000,-0.21,1,1,2,2023,38,7,6,709.25,712.6966696433819,54.973821989528794,-1.3484675279147496,-4.147977002271729
2023-02-08,716.0,714.5,722.5,714.0,976000,-0.07,2,1,2,2023,39,8,6,709.45,712.2963190795274,48.372093023255815,-1.8468066268894745,-4.847854370860973
2023-02-09,716.0,724.0,724.0,710.0,952000,0.0,3,1,2,2023,40,9,6,709.45,711.906457930004,53.75,-2.405096798644081,-5.598116306853847
2023-02-10,717.5,716.0,719.5,714.0,513000,0.21,4,1,2,2023,41,10,6,709.35,711.4755587647413,52.65306122448979,-3.0826948462488417,-6.396371183906289
2023-02-13,733.0,717.0,741.5,712.5,4429000,2.16,0,1,2,2023,44,13,7,709.275,710.8414070557667,59.44700460829493,-4.0554444292461085,-7.22479026832065
2023-02-14,719.0,742.0,742.0,713.0,2599000,-1.91,1,1,2,2023,45,14,7,708.175,708.5089235879526,50.753768844221106,-6.816220159846466,-8.017126728089284
2023-02-15,694.0,720.0,720.0,690.0,2971000,-3.48,2,1,2,2023,46,15,7,707.75,707.4045997551056,32.903225806451616,-8.815374344578686,-8.317353370149988
2023-02-16,698.0,694.5,702.0,691.5,999000,0.58,3,1,2,2023,47,16,7,708.45,708.815610255643,38.46153846153846,-8.69334387717015,-8.192848126542811
2023-02-17,696.0,698.0,701.0,692.5,501000,-0.29,4,1,2,2023,48,17,7,708.9,709.9540955457107,38.46153846153846,-8.818412715100862,-8.067724188885975
2023-02-20,691.5,693.5,695.0,685.0,894000,-0.65,0,1,2,2023,51,20,8,709.6,711.4229477084172,33.7748344370861,-8.64614184693096,-7.880052057332254
2023-02-21,699.0,691.5,711.0,690.0,1828000,1.08,1,1,2,2023,52,21,8,710.45,713.5201000987768,41.780821917808225,-7.842317693784139,-7.688529609932577
2023-02-22,708.0,700.0,713.0,700.0,943000,1.29,2,1,2,2023,53,22,8,711.0,715.0485316881217,48.06201550387597,-7.465912062767302,-7.650082588969687
2023-02-24,701.5,709.5,709.5,700.0,565000,-0.92,4,1,2,2023,55,24,8,711.25,715.7904823921344,44.62809917355372,-7.79325015462905,-7.6961252205202815
2023-02-27,704.5,700.0,710.0,697.0,810000,0.43,0,1,2,2023,58,27,9,714.225,717.2947436965696,47.863247863247864,-7.435878044174274,-7.67184398699309
2023-02-28,707.0,708.5,711.5,705.0,726000,0.35,1,1,2,2023,59,28,9,716.35,718.6415588225244,47.45762711864407,-7.177037597096728,-7.730835472697793
2023-03-01,719.5,711.0,736.0,707.0,4631000,1.77,2,1,3,2023,60,1,9,717.8,719.8669860670007,61.458333333333336,-6.996815243232845,-7.869284941598059
2023-03-02,707.0,727.5,727.5,696.0,1775000,-1.74,3,1,3,2023,61,2,9,719.325,719.9056161793166,45.945945945945944,-7.937741398945036,-8.08740236618936
2023-03-03,711.0,707.0,712.5,707.0,526000,0.57,4,1,3,2023,62,3,9,721.225,721.2641020929287,47.22222222222222,-7.750519999160247,-8.124817608000441
2023-03-06,712.5,715.0,719.0,710.0,1251000,0.21,0,1,3,2023,65,6,10,722.925,722.3445338921845,20.60606060606061,-7.806095303447137,-8.21839201021049
2023-03-07,717.5,712.5,719.5,711.0,1233000,0.7,1,1,3,2023,66,7,10,725.225,723.3808006176776,33.87978142076503,-7.9162136692322065,-8.321466186901327
2023-03-09,720.5,717.5,744.5,716.0,5655000,0.42,3,1,3,2023,68,9,10,727.1,723.9998322616435,42.21105527638192,-8.45071073000895,-8.422779316318607
2023-03-10,716.0,725.0,725.0,710.5,1453000,-0.62,4,1,3,2023,69,10,10,728.825,724.368235657606,34.40366972477065,-9.315458458782246,-8.41579646289602
2023-03-13,714.0,716.5,724.5,711.0,1236000,-0.28,0,1,3,2023,72,13,11,730.375,725.2491025689329,36.160714285714285,-9.8255116186524,-8.190880963924464
2023-03-14,716.0,714.0,722.0,714.0,644000,0.28,1,1,3,2023,73,14,11,732.1,726.4332186288206,36.81818181818181,-10.129972028251586,-7.782223300242478
2023-03-15,711.0,719.5,721.0,707.0,1553000,-0.7,2,1,3,2023,74,15,11,733.4,727.5314521686964,29.957805907172997,-10.574865539729217,-7.195286118240201
2023-03-16,710.5,708.5,711.0,704.0,592000,-0.07,3,1,3,2023,75,16,11,734.85,729.2716050285593,31.687242798353907,-10.479804304710001,-6.350391262867946
2023-03-17,708.0,715.0,715.0,707.0,778000,-0.35,4,1,3,2023,76,17,11,736.075,731.2475634526182,30.25210084033614,-10.155128993034964,-5.318038002407432
2023-03-20,707.0,710.0,713.0,702.0,3111000,-0.14,0,1,3,2023,79,20,12,738.175,733.6946753949991,34.12698412698413,-9.338468809871188,-4.108765254750548
2023-03-21,710.0,715.0,720.0,707.0,1765000,0.42,1,1,3,2023,80,21,12,741.275,736.5046412260516,34.53815261044177,-8.058462993398848,-2.8013393659703874
2023-03-22,708.5,709.5,713.0,705.0,729000,-0.21,2,1,3,2023,81,22,12,743.825,739.2946034603729,37.06563706563707,-6.612950653197231,-1.487058459113272
2023-03-23,710.0,711.0,717.5,708.0,1627000,0.21,3,1,3,2023,82,23,12,746.8,742.5361406667279,38.46153846153846,-4.519035620384216,-0.2055854105922822
2023-03-24,713.0,709.0,727.0,703.0,3822000,0.42,4,1,3,2023,83,24,12,749.35,745.960997579015,41.66666666666667,-1.9334344603882982,0.8727771418557011
2023-03-27,761.0,723.0,773.5,715.5,21953000,6.73,0,1,3,2023,86,27,13,752.625,749.4305762715429,55.55555555555556,1.0894009759757637,1.5743300424167008
2023-03-28,747.0,761.0,763.0,733.0,6999000,-1.84,1,1,3,2023,87,28,13,753.225,748.2127421948632,39.42307692307692,0.04451964601173586,1.695562309026935
2023-03-29,736.0,761.0,785.5,720.0,20933000,-1.47,2,1,3,2023,88,29,13,754.1,748.3403992680066,37.62376237623763,0.13567809909750395,2.1083229747807346
2023-03-30,750.0,736.0,765.0,736.0,6049000,1.9,3,1,3,2023,89,30,13,755.45,749.639388664639,40.42553191489362,1.3700559341399412,2.601484193701542
2023-03-31,745.0,752.5,761.0,732.0,3681000,-0.67,4,1,3,2023,90,31,13,756.075,749.6014295767062,41.66666666666667,1.5001882845522232,2.909341258591942
2023-04-03,745.0,750.0,768.0,736.0,4668000,0.0,0,2,4,2023,93,3,14,756.325,750.0857905847805,35.24229074889868,2.153554473121403,3.2616295021018713
2023-04-04,758.5,750.0,770.0,746.0,5918000,1.81,1,2,4,2023,94,4,14,756.075,750.6211369621258,43.127962085308056,2.956162888740664,3.5386482593469877
2023-04-05,755.0,761.0,761.5,740.0,3527000,-0.46,2,2,4,2023,95,5,14,754.65,749.7917829581389,45.70135746606335,2.56303889720391,3.684269601998568
2023-04-06,755.0,752.0,756.0,750.5,2198000,0.0,3,2,4,2023,96,6,14,753.0,749.2435495853114,46.42857142857143,2.3803528004103782,3.964577278197232
2023-04-07,747.0,755.5,758.5,743.0,1340000,-1.06,4,2,4,2023,97,7,14,751.375,748.6376074363967,42.58373205741627,2.1125555961333475,4.360633397643945
2023-04-10,748.5,751.0,755.0,743.0,3155000,0.2,0,2,4,2023,100,10,15,749.85,748.8099871665438,49.35064935064935,2.554566355821521,4.9226528480215945
2023-04-11,742.0,748.5,750.0,733.0,3059000,-0.87,1,2,4,2023,101,11,15,748.725,748.8426173946011,50.84033613445378,2.9288482148296,5.514674471071613
2023-04-12,740.0,742.0,746.0,736.5,1450000,-0.27,2,2,4,2023,102,12,15,748.45,749.5628929098223,53.937007874015755,4.025784722657022,6.161131035132117
2023-04-13,735.0,732.0,741.0,726.0,1350000,-0.68,3,2,4,2023,103,13,15,747.95,750.5695132161194,55.0,5.570954087590735,6.69496761325089
2023-04-14,750.0,745.0,761.5,735.0,8667000,2.04,4,2,4,2023,104,14,15,747.775,752.208409344132,61.904761904761905,7.971210926650315,6.9759709946659285
2023-04-17,769.0,756.0,769.0,751.0,5008000,2.53,0,2,4,2023,107,17,16,747.05,752.4408734856195,75.60975609756098,9.391593860480612,6.727161011669832
2023-04-18,761.0,769.5,770.5,755.0,3394000,-1.04,1,2,4,2023,108,18,16,745.425,750.6978075367374,66.82692307692308,9.133368530780672,6.061052799467136
2023-04-19,768.0,765.0,790.0,760.0,8713000,0.92,2,2,4,2023,109,19,16,743.975,749.613366224815,64.65116279069767,9.48547556769779,5.292973866638752
2023-04-20,761.0,768.0,778.5,749.5,3686000,-0.91,3,2,4,2023,110,20,16,742.025,747.6779310905849,64.48598130841123,9.084194359287153,4.244848441373992
2023-04-21,778.5,761.0,794.0,759.5,9460000,2.3,4,2,4,2023,111,21,16,740.1,746.2756080474886,75.82417582417582,9.15260715350803,3.0350119618957008
2023-04-24,773.0,793.0,807.0,770.5,6483000,-0.71,0,2,4,2023,114,24,17,737.2,742.8835667893295,70.94972067039106,7.3249797431717525,1.5056131639926187
2023-04-25,764.5,775.0,779.5,763.5,2408000,-1.1,1,2,4,2023,115,25,17,734.55,739.7134159250485,67.07317073170731,5.445717415896411,0.05077151919783507
2023-04-26,763.0,763.0,770.5,762.0,1397000,-0.2,2,2,4,2023,116,26,17,732.025,737.1043018118957,68.23529411764706,3.833339428488216,-1.2979649549768086
2023-04-27,762.5,763.0,768.5,752.5,2127000,-0.07,3,2,4,2023,117,27,17,729.525,734.3784388447268,69.14285714285714,1.8723284056001148,-2.5807910508430645
2023-04-28,750.0,762.5,767.5,740.5,2245000,-1.64,4,2,4,2023,118,28,17,727.2,731.4182745125928,66.87116564417178,-0.6069595313310856,-3.694070914953859
2023-05-02,740.0,755.0,768.5,732.0,3175000,-1.33,1,2,5,2023,122,2,18,726.25,729.4623034086552,63.26530612244898,-2.4898767231040893,-4.465848760859552
2023-05-03,730.0,741.5,749.5,728.0,2205000,-1.35,2,2,5,2023,123,3,18,725.575,728.3530721885137,57.8125,-3.8387655500855544,-4.959841770298417
2023-05-04,722.0,730.0,735.5,710.5,2948000,-1.1,3,2,5,2023,124,4,18,725.375,728.1797113662519,56.45161290322581,-4.486419790340847,-5.240110825351632
2023-05-05,722.5,722.0,736.0,721.0,1804000,0.07,4,2,5,2023,125,5,18,725.375,728.8302072995416,57.6,-4.4332596418614685,-5.428533584104327
2023-05-08,716.5,725.5,725.5,713.0,531000,-0.83,0,2,5,2023,128,8,19,725.25,729.4965449100196,50.42016806722689,-4.351833275739068,-5.677352069665043
2023-05-10,726.0,716.5,731.5,713.5,1566000,1.33,2,2,5,2023,130,10,19,725.15,730.864602268969,46.15384615384615,-3.5736951389684464,-6.008731768146536
2023-05-11,736.5,719.5,751.5,719.5,3734000,1.45,3,2,5,2023,131,11,19,725.2,731.3766656657026,58.47457627118644,-3.495799624196138,-6.617490925441057
2023-05-12,730.0,737.5,739.5,723.5,643000,-0.88,4,2,5,2023,132,12,19,724.475,730.8373673147239,53.77358490566038,-4.4146195362619665,-7.397913750752287
2023-05-15,731.5,738.5,738.5,725.5,701000,0.21,0,2,5,2023,135,15,20,724.475,730.9255112425896,58.558558558558566,-4.861337030771438,-8.143737304374866
2023-05-16,735.5,737.0,748.5,728.5,2777000,0.55,1,2,5,2023,136,16,20,725.025,730.8650387418095,64.48598130841123,-5.513527912406744,-8.964337372775724
2023-05-17,736.5,735.5,739.5,732.5,1075000,0.14,2,2,5,2023,137,17,20,725.2,730.3771480830526,68.9655172413793,-6.6730365953316095,-9.827039737867969
2023-05-18,732.0,736.5,738.5,732.0,899000,-0.61,3,2,5,2023,138,18,20,726.875,729.7326373549529,53.78787878787878,-8.157747145605526,-10.615540523502059
2023-05-19,729.0,730.0,732.0,720.0,1818000,-0.41,4,2,5,2023,139,19,20,728.425,729.4939676028428,55.147058823529406,-9.47593774401912,-11.229988867976193
2023-05-22,722.5,729.5,738.0,714.5,2536000,-0.89,0,2,5,2023,142,22,21,730.475,729.5459641926157,44.60431654676259,-10.7151419224449,-11.66850164896546
2023-05-23,720.5,720.0,726.0,715.0,1120000,-0.28,1,2,5,2023,143,23,21,732.275,730.2876446339436,36.25000000000001,-11.479142282218277,-11.9068415805956
2023-05-24,720.0,727.0,732.0,718.0,1296000,-0.07,2,2,5,2023,144,24,21,734.025,731.317923016464,38.554216867469876,-12.08367885367852,-12.013766405189932
2023-05-25,714.0,720.0,728.0,714.0,1908000,-0.83,3,2,5,2023,145,25,21,736.525,732.5092833339864,24.074074074074076,-12.628615657925025,-11.996288293067785
2023-05-26,713.0,715.0,719.5,704.5,2687000,-0.14,4,2,5,2023,146,26,21,738.475,734.4576289480902,28.070175438596493,-12.52955513304812,-11.838206451853475
2023-05-29,716.0,713.5,718.0,710.0,2673000,0.42,0,2,5,2023,149,29,22,739.95,736.7163267320997,27.11864406779661,-12.119051624815484,-11.665369281554813
2023-05-30,731.0,719.5,749.5,716.0,13525000,2.09,1,2,5,2023,150,30,22,741.4,738.8969927038997,37.991266375545855,-11.724277305219516,-11.551948695739647
2023-05-31,726.5,724.0,735.5,723.5,3408000,-0.62,2,2,5,2023,151,31,22,741.85,739.7282550937839,37.16814159292036,-12.577139503768194,-11.50886654336968
2023-06-01,726.0,736.0,736.0,718.0,5658000,-0.07,3,2,6,2023,152,1,22,743.55,741.1207029983927,32.67716535433071,-13.024579771679214,-11.241798303270048
2023-06-02,722.0,724.0,733.0,720.5,2228000,-0.55,4,2,6,2023,153,2,22,744.95,742.712355945592,38.92857142857142,-13.355318735134006,-10.796102936167756
2023-06-05,720.0,728.0,731.0,720.0,2172000,-0.28,0,2,6,2023,156,5,23,746.775,744.8926039398648,42.42424242424243,-13.175930012341496,-10.156298986426194
2023-06-06,714.5,720.0,725.5,713.0,1941000,-0.76,1,2,6,2023,157,6,23,748.55,747.5128780387979,39.518900343642606,-12.55167851507042,-9.401391229947366
2023-06-07,727.0,714.5,727.0,714.5,2743000,1.75,2,2,6,2023,158,7,23,750.875,750.9879178323556,45.289855072463766,-11.01233673469801,-8.613819408666602
2023-06-08,722.0,727.0,731.0,719.0,1258000,-0.69,3,2,6,2023,159,8,23,751.975,753.5129618147089,37.45928338762215,-10.160124691608871,-8.01419007715875
2023-06-09,730.0,722.0,732.5,719.0,4682000,1.11,4,2,6,2023,160,9,23,753.05,756.8301156899413,42.10526315789474,-8.41551768836996,-7.47770642354622
2023-06-13,742.5,730.0,748.0,726.0,6669000,1.71,1,2,6,2023,164,13,24,754.15,759.6543383941456,44.444444444444436,-6.880902674223421,-7.243253607340284
2023-06-14,739.0,742.5,751.0,731.0,3586000,-0.47,2,2,6,2023,165,14,24,754.725,761.4600582251084,44.25087108013937,-6.094817289996627,-7.333841340619499
2023-06-15,770.0,750.0,777.0,741.5,15365000,4.19,3,2,6,2023,166,15,24,756.975,763.8242748803829,53.813559322033896,-4.646470966274592,-7.643597353275218
2023-06-16,763.0,771.0,778.0,754.5,4747000,-0.91,4,2,6,2023,167,16,24,757.9,763.174198552002,55.69105691056911,-5.886632989941631,-8.392878950025374
2023-06-19,770.0,763.0,780.0,760.5,4165000,0.92,0,2,6,2023,170,19,25,758.85,763.1925352416865,60.90534979423868,-6.671179674841255,-9.01944044004631
2023-06-20,758.5,777.0,777.0,755.0,2336000,-1.49,1,2,6,2023,171,20,25,760.05,762.4759600039692,52.74261603375528,-8.288238466479015,-9.606505631347574
2023-06-21,755.5,759.0,765.0,737.0,3827000,-0.4,2,2,6,2023,172,21,25,761.525,762.8944821096503,50.63829787234042,-9.060728219202474,-9.936072422564711
2023-06-22,770.0,755.5,776.0,754.0,5484000,1.92,3,2,6,2023,173,22,25,763.825,763.6728486475082,44.73684210526316,-9.609459093126588,-10.15490847340527
2023-06-23,753.0,760.0,764.5,751.0,2644000,-2.21,4,2,6,2023,174,23,25,764.3,763.0068327156669,35.26970954356845,-11.646428912671468,-10.29127081847494
2023-06-26,742.5,755.5,755.5,737.5,2493000,-1.39,0,2,6,2023,177,26,26,766.375,764.0601835278424,33.047210300429185,-12.346031425433466,-9.952481294925807
2023-06-27,745.0,743.0,749.0,718.0,3195000,0.34,1,2,6,2023,178,27,26,770.25,766.3296765307732,30.555555555555557,-11.990309084625437,-9.354093762298891
2023-06-28,740.0,745.0,747.5,739.5,1200000,-0.67,2,2,6,2023,179,28,26,774.2,768.5749056392757,31.102362204724415,-11.616418982944765,-8.695039931717254
2023-06-29,760.5,747.5,774.0,741.5,7934000,2.77,3,2,6,2023,180,29,26,778.175,771.58279044341,32.91666666666667,-10.461142249775094,-7.964695168910374
2023-06-30,754.0,754.5,764.5,745.5,1416000,-0.85,4,2,6,2023,181,30,26,781.625,772.749399963769,40.59040590405904,-10.921699695805387,-7.340583398694193
2023-07-03,758.5,754.0,768.0,751.0,2766000,0.6,0,3,7,2023,184,3,27,784.85,774.7230210125867,37.67123287671233,-10.688859204072287,-6.445304324416394
2023-07-04,755.5,768.0,768.0,750.0,1876000,-0.4,1,3,7,2023,185,4,27,787.825,776.4307074349642,30.860534124629083,-10.694377569837343,-5.38441560450242
2023-07-05,761.0,755.5,761.0,751.0,2861000,0.73,2,3,7,2023,186,5,27,790.65,778.6339397965394,31.137724550898213,-10.240411882943704,-4.056925113168689
2023-07-06,749.0,762.0,770.0,741.5,3173000,-1.58,3,3,7,2023,187,6,27,793.325,780.4901439856487,27.89968652037618,-10.072035142465666,-2.511053420724935
2023-07-07,743.5,751.0,754.0,740.5,2120000,-0.73,4,3,7,2023,188,7,27,796.525,783.804895984138,23.78048780487805,-8.488804682546856,-0.6208079902897523
2023-07-10,752.0,743.5,755.5,743.5,2021000,1.14,0,3,7,2023,191,10,28,798.775,788.0475166140473,30.030030030030034,-5.784553372868004,1.3461911827745237
2023-07-11,754.0,756.5,758.0,752.0,1974000,0.27,1,3,7,2023,192,11,28,800.975,791.8419920471049,30.60606060606061,-3.1142609249088764,3.1288773216851555
2023-07-12,784.0,762.0,786.0,753.0,13372000,3.98,2,3,7,2023,193,12,28,802.475,795.8253596310107,40.07092198581561,0.13566523121221508,4.689661883333663
2023-07-13,788.5,785.0,808.0,776.0,14853000,0.57,3,3,7,2023,194,13,28,802.525,797.0701343290118,40.64748201438849,1.2272340307525837,5.828161046364025
2023-07-14,782.0,788.5,794.0,778.0,2932000,-0.82,4,3,7,2023,195,14,28,802.95,797.9722537320657,38.43283582089551,2.1444402580823407,6.978392800266885
2023-07-17,794.0,783.0,801.5,761.5,14252000,1.53,0,3,7,2023,198,17,29,803.925,799.653543598599,51.877133105802045,3.9457552572112036,8.18688093581302
2023-07-18,788.0,801.5,802.0,786.0,7006000,-0.76,1,3,7,2023,199,18,29,803.775,800.2486534510831,47.2972972972973,4.965677234176155,9.247162355463473
2023-07-19,801.5,793.0,808.0,773.5,7727000,1.71,2,3,7,2023,200,19,29,803.775,801.5379853933024,55.972696245733786,6.806149615914364,10.317533635785303
2023-07-20,779.5,801.5,815.0,776.5,9704000,-2.74,3,3,7,2023,201,20,29,801.825,801.5419838557552,47.808764940239044,7.681717643283378,11.195379640753037
2023-07-21,794.5,779.5,797.5,761.0,8114000,1.92,4,3,7,2023,202,21,29,801.85,803.8621926826768,48.97959183673469,10.927526759768512,12.07379514012045
2023-07-24,820.0,799.0,828.0,798.0,14182000,3.21,0,3,7,2023,205,24,30,801.175,804.8476866492744,59.11330049261084,13.384140915576381,12.360362235208434
2023-07-25,824.0,820.5,836.0,803.0,12185000,0.49,1,3,7,2023,206,25,30,799.375,803.2527062965664,65.27777777777777,13.728631842944651,12.104417565116446
2023-07-26,819.5,824.0,834.5,810.0,4709000,-0.55,2,3,7,2023,207,26,30,797.5,801.0687806435734,64.7887323943662,13.561365617979163,11.698363995659395
2023-07-27,829.5,845.0,849.0,821.0,10212000,1.22,3,3,7,2023,208,27,30,795.5,799.1286522902653,77.45901639344262,13.60879868185259,11.232613590079454
2023-07-28,818.5,832.5,834.5,807.0,11050000,-1.33,4,3,7,2023,209,28,30,792.85,795.9316683208195,64.98054474708172,12.453212538914954,10.638567317136168
2023-07-31,818.0,817.0,827.5,816.0,3957000,-0.06,0,3,7,2023,212,31,31,791.3,793.5560544598532,64.34108527131784,11.91712677045416,10.18490601169147
2023-08-01,812.0,820.0,824.5,808.0,3953000,-0.73,1,3,8,2023,213,1,31,790.05,790.9830075608903,61.11111111111111,11.110455454775774,9.751850822000797
2023-08-02,814.5,814.0,820.0,801.5,6627000,0.31,2,3,8,2023,214,2,31,788.75,788.7706925672998,61.11111111111111,10.530151987058389,9.412199663807053
2023-08-03,813.0,814.5,823.0,803.5,3563000,-0.18,3,3,8,2023,215,3,31,787.275,786.0623444164892,62.73764258555133,9.381762441178466,9.132711582994219
2023-08-04,788.5,813.5,838.0,777.0,17024000,-3.01,4,3,8,2023,216,4,31,785.8,783.226801723488,55.45454545454545,7.932265058019766,9.070448868448157
2023-08-07,796.0,791.5,811.5,788.0,6373000,0.95,0,3,8,2023,219,7,32,785.5,782.6717282206973,53.74449339207048,8.46134636085344,9.354994821055254
2023-08-08,784.0,796.0,820.0,769.0,6835000,-1.51,1,3,8,2023,220,8,32,785.125,781.2687522439286,45.79439252336448,8.24993600394862,9.578406936105708
2023-08-09,785.0,793.0,818.0,783.0,6724000,0.13,2,3,8,2023,221,9,32,785.35,780.9812524801316,49.557522123893804,9.081918624714604,9.91052466914498
2023-08-10,797.0,786.0,800.0,785.0,2938000,1.53,3,3,8,2023,222,10,32,785.075,780.5582264254087,55.88235294117647,9.909912171587393,10.117676180252575
2023-08-11,801.5,797.0,805.0,792.5,2421000,0.56,4,3,8,2023,223,11,32,783.45,778.827513417557,59.09090909090909,9.600770667100164,10.16961718241887
2023-08-14,791.0,800.0,811.5,785.0,5029000,-1.31,0,3,8,2023,226,14,33,781.1,776.4409358825629,54.74860335195531,8.6083643007604,10.311828811248546
2023-08-15,788.0,788.0,798.0,769.0,3621000,-0.38,1,3,8,2023,227,15,33,779.175,774.9084028175695,49.72972972972973,8.285571239711999,10.737694938870582
2023-08-16,762.5,788.5,791.0,747.5,4711000,-3.24,2,3,8,2023,228,16,33,778.075,773.5303399562611,30.59701492537313,8.058507060123361,11.350725863660228
2023-08-17,780.0,766.0,782.5,757.0,4196000,2.3,3,3,8,2023,229,17,33,778.95,774.6914283727097,50.427350427350426,10.247839586392274,12.173780564544444
2023-08-18,781.0,780.0,794.0,769.0,3294000,0.13,4,3,8,2023,230,18,33,777.4,774.1326313593106,61.37931034482759,11.111346344118715,12.655265809082485
2023-08-21,784.0,785.0,797.0,782.5,2555000,0.38,0,3,8,2023,233,21,34,776.225,773.4097504497643,68.55345911949685,11.950057204429754,13.041245675323426
2023-08-22,786.5,796.0,796.0,783.5,2619000,0.32,1,3,8,2023,234,22,34,774.6,772.2949873392132,71.51898734177215,12.541283688616772,13.314042793046841
2023-08-23,779.5,786.5,793.5,771.0,2171000,-0.89,2,3,8,2023,235,23,34,771.7,770.799722848604,57.89473684210526,12.858939547508385,13.507232569154358
2023-08-24,776.5,779.0,783.0,773.0,1896000,-0.38,3,3,8,2023,236,24,34,768.875,769.8839042010885,48.186528497409334,13.790072086711803,13.669305824565848
2023-08-25,787.5,777.0,792.5,775.5,4310000,1.42,4,3,8,2023,237,25,34,765.55,769.1874730643609,66.52360515021459,15.083407479124617,13.639114259029359
2023-08-28,793.0,790.0,805.5,787.5,8393000,0.7,0,3,8,2023,240,28,35,761.925,767.2598386500831,64.85355648535565,15.394778725744345,13.278040954005542
2023-08-29,786.0,794.0,802.0,785.0,4506000,-0.88,1,3,8,2023,241,29,35,758.7,764.5503479816708,64.55696202531645,15.008277608146273,12.748856511070839
2023-08-30,785.0,787.5,796.5,780.0,2649000,-0.13,2,3,8,2023,242,30,35,755.55,762.2924898744782,70.10676156583631,15.009386689202643,12.18400123680198
2023-08-31,783.5,795.0,798.0,778.5,3338000,-0.19,3,3,8,2023,243,31,35,752.775,759.902225650739,70.93425605536332,14.89430210990804,11.477654873701812
2023-09-01,782.5,784.0,791.0,776.5,1538000,-0.13,4,3,9,2023,244,1,35,750.175,757.4182494034484,73.16293929712461,14.683495216191545,10.623493064650255
2023-09-04,788.5,777.5,790.0,777.5,3156000,0.77,0,3,9,2023,247,4,36,747.6,754.7780651301272,73.63344051446946,14.302669032339736,9.608492526764932
2023-09-05,788.5,790.0,796.5,781.0,3912000,0.0,1,3,9,2023,248,5,36,744.175,751.2283877754037,67.75147928994083,12.997648426298383,8.43494840037123
2023-09-06,779.5,785.0,793.5,779.0,5082000,-1.14,2,3,9,2023,249,6,36,741.15,747.3050601728146,67.06948640483384,11.142910875659254,7.294273393889441
2023-09-07,764.5,781.5,790.0,747.0,6812000,-1.92,3,3,9,2023,250,7,36,738.375,743.916119138374,61.146496815286625,9.529876243743274,6.3321140234469855
2023-09-08,754.5,764.0,771.0,739.0,5743000,-1.31,4,3,9,2023,251,8,36,736.25,741.7493948371502,57.718120805369125,8.859713840916015,5.532673468372913
2023-09-11,752.5,759.0,760.5,744.5,1297000,-0.27,0,3,9,2023,254,11,37,734.55,740.4072258726397,57.28813559322033,8.893656172712213,4.700913375237136
2023-09-12,766.0,758.5,768.5,752.5,2582000,1.79,1,3,9,2023,255,12,37,733.175,739.1343022802861,65.86206896551724,9.011253022783421,3.652727675868367
2023-09-13,780.0,766.0,790.0,758.0,10594000,1.83,2,3,9,2023,256,13,37,731.175,736.3063340992635,68.70503597122303,7.655731140179569,2.3130963391396033
2023-09-14,749.0,773.5,778.0,723.5,7589000,-3.97,3,3,9,2023,257,14,37,728.525,731.7070008465545,61.16071428571429,4.388781666162458,0.9774376388796118
2023-09-15,757.5,738.0,768.5,738.0,2865000,1.13,4,3,9,2023,258,15,37,727.25,729.8866851461918,66.82464454976304,3.3114929678181397,0.12460163205890007
2023-09-18,751.5,763.0,765.5,748.5,1804000,-0.79,0,3,9,2023,261,18,38,725.775,726.9800204247383,65.34653465346534,1.0228591314904634,-0.6721212018809098
2023-09-19,728.5,756.0,756.0,726.0,4461000,-3.06,1,3,9,2023,262,19,38,,724.3989699431319,52.121212121212125,-1.3022387342440425,-1.095866285223753
2023-09-20,723.0,728.5,733.5,715.0,2983000,-0.75,2,3,9,2023,263,20,38,,723.9672825687247,48.07692307692308,-1.9091492649197335,-1.0442731729686807
2023-09-21,710.0,727.0,727.0,703.0,2176000,-1.8,3,3,9,2023,264,21,38,,724.0691017864851,37.121212121212125,-2.0960183529469987,-0.8280541499809175
2023-09-22,715.0,710.0,721.0,699.0,1705000,0.7,4,3,9,2023,265,22,38,,725.550059869273,43.41085271317829,-0.9804073583499076,-0.5110630992393971
2023-09-25,728.5,718.0,737.5,708.0,3643000,1.89,0,3,9,2023,268,25,39,,726.6605924870912,50.45045045045046,-0.05131249094267787,-0.39372703446176943
2023-09-26,723.0,726.5,728.5,715.0,1092000,-0.75,1,3,9,2023,269,26,39,,726.4669706436271,45.00000000000001,-0.2392486784929133,-0.4793306703415423
2023-09-27,729.5,724.0,731.0,724.0,1100000,0.9,2,3,9,2023,270,27,39,,726.8319149219036,,0.084356386539298,-0.5393511683036996
2023-09-28,731.5,730.5,737.0,723.5,1034000,0.27,3,3,9,2023,271,28,39,,726.5510638610514,,-0.16565105971471894,-0.695278057014449
2023-09-29,731.0,734.0,736.5,726.0,1020000,-0.07,4,3,9,2023,272,29,39,,726.0301232148463,,-0.685978366610243,-0.8276848063393815
2023-10-02,720.0,736.5,736.5,716.5,2167000,-1.5,0,4,10,2023,275,2,40,,725.5069782900933,,-1.2892182620789754,-0.863111416271666
2023-10-03,728.0,720.0,730.0,716.0,1042000,1.11,1,4,10,2023,276,3,40,,726.0866602153664,,-0.920419463028793,-0.7565847048198385
2023-10-04,724.0,726.5,729.5,722.0,1122000,-0.55,2,4,10,2023,277,4,40,,725.8852560275101,,-1.250855621869846,-0.7156260152675998
2023-10-05,722.0,723.0,729.0,718.0,744000,-0.28,3,4,10,2023,278,5,40,,726.0837040304059,,-1.2471453282905713,-0.5818186136170382
2023-10-06,720.5,722.0,724.5,713.0,911000,-0.21,4,4,10,2023,279,6,40,,726.513567612554,,-1.0206329851652072,-0.41548693494865485
2023-10-09,725.0,723.5,727.5,718.5,1047000,0.62,0,4,10,2023,282,9,41,,727.146574729665,,-0.5639480237920225,-0.2642004223945167
2023-10-10,726.0,725.0,729.5,724.5,1210000,0.14,1,4,10,2023,283,10,41,,727.3725299643665,,-0.43103088365694475,-0.18926352204514027
2023-10-11,727.0,725.0,728.0,723.5,1023000,0.14,2,4,10,2023,284,11,41,,727.517006802721,,-0.3569289210314537,-0.12882168164218913
2023-10-12,723.5,727.0,727.0,713.0,1608000,-0.48,3,4,10,2023,285,12,41,,727.5714285714286,,-0.3589743589743648,-0.07179487179487297
2023-10-13,728.0,727.5,730.0,724.0,1187000,0.62,4,4,10,2023,286,13,41,,728.0,,0.0,0.0
