"Дата","Цена","Откр.","Макс.","Мин.","Объём","Изм. %"
"13.10.2023","3.988,50","3.950,00","4.005,00","3.920,00","171,51K","1,46%"
"12.10.2023","3.931,00","3.886,00","3.955,00","3.885,50","80,45K","0,03%"
"11.10.2023","3.930,00","3.930,00","4.018,50","3.885,00","536,83K","0,49%"
"10.10.2023","3.911,00","3.905,00","3.921,00","3.880,00","64,84K","0,29%"
"09.10.2023","3.899,50","3.908,00","3.929,50","3.879,50","93,33K","-0,76%"
"06.10.2023","3.929,50","3.949,50","3.974,00","3.902,00","162,65K","0,22%"
"05.10.2023","3.921,00","3.907,50","3.947,00","3.854,00","220,98K","0,84%"
"04.10.2023","3.888,50","3.829,50","3.959,50","3.829,50","581,04K","1,34%"
"03.10.2023","3.837,00","3.820,00","3.853,00","3.774,00","138,50K","0,22%"
"02.10.2023","3.828,50","3.846,00","3.866,50","3.792,00","115,92K","-0,43%"
"29.09.2023","3.845,00","3.829,50","3.848,50","3.780,00","133,87K","0,75%"
"28.09.2023","3.816,50","3.749,50","3.834,50","3.727,00","119,14K","1,91%"
"27.09.2023","3.745,00","3.725,00","3.758,00","3.717,50","67,35K","0,64%"
"26.09.2023","3.721,00","3.758,00","3.758,00","3.650,00","128,86K","-1,17%"
"25.09.2023","3.765,00","3.736,50","3.789,00","3.695,50","166,50K","0,88%"
"22.09.2023","3.732,00","3.660,00","3.745,00","3.602,50","150,33K","2,08%"
"21.09.2023","3.656,00","3.695,00","3.700,00","3.623,00","155,08K","-1,42%"
"20.09.2023","3.708,50","3.660,00","3.719,50","3.553,00","202,33K","1,33%"
"19.09.2023","3.660,00","3.746,00","3.764,00","3.655,00","140,85K","-2,44%"
"18.09.2023","3.751,50","3.750,00","3.798,50","3.735,50","153,08K","0,17%"
"15.09.2023","3.745,00","3.710,00","3.775,00","3.671,00","170,88K","0,52%"
"14.09.2023","3.725,50","3.760,00","3.793,50","3.630,50","191,13K","-1,04%"
"13.09.2023","3.764,50","3.809,00","3.825,00","3.760,00","113,69K","-1,35%"
"12.09.2023","3.816,00","3.803,00","3.838,00","3.775,00","130,12K","1,09%"
"11.09.2023","3.775,00","3.861,00","3.884,00","3.751,00","266,93K","-1,78%"
"08.09.2023","3.843,50","3.800,00","3.880,00","3.638,50","498,26K","1,00%"
"07.09.2023","3.805,50","3.848,50","3.882,50","3.717,00","294,76K","-1,12%"
"06.09.2023","3.848,50","3.881,50","3.899,00","3.824,00","170,00K","-0,71%"
"05.09.2023","3.876,00","3.874,50","3.934,00","3.823,00","293,89K","-0,54%"
"04.09.2023","3.897,00","3.807,50","3.913,00","3.807,50","349,60K","2,42%"
"01.09.2023","3.805,00","3.814,50","3.820,00","3.800,00","121,84K","0,00%"
"31.08.2023","3.805,00","3.820,00","3.822,50","3.800,00","150,32K","-0,29%"
"30.08.2023","3.816,00","3.859,50","3.859,50","3.798,50","172,82K","-0,81%"
"29.08.2023","3.847,00","3.880,00","3.880,00","3.690,00","435,72K","-0,41%"
"28.08.2023","3.863,00","3.855,00","3.896,00","3.824,50","321,89K","1,31%"
"25.08.2023","3.813,00","3.783,00","3.845,00","3.740,50","212,84K","0,87%"
"24.08.2023","3.780,00","3.709,50","3.789,00","3.709,00","188,47K","2,16%"
"23.08.2023","3.700,00","3.842,00","3.869,50","3.662,00","602,61K","-2,94%"
"22.08.2023","3.812,00","3.625,00","3.837,50","3.600,00","721,07K","5,29%"
"21.08.2023","3.620,50","3.678,50","3.684,50","3.559,00","360,91K","-1,01%"
"18.08.2023","3.657,50","3.563,50","3.693,00","3.535,00","263,22K","2,25%"
"17.08.2023","3.577,00","3.598,00","3.620,00","3.484,50","156,13K","0,76%"
"16.08.2023","3.550,00","3.627,00","3.655,00","3.424,00","458,79K","-2,15%"
"15.08.2023","3.628,00","3.642,00","3.698,50","3.604,50","350,01K","-0,47%"
"14.08.2023","3.645,00","3.759,00","3.775,00","3.580,00","643,31K","-2,42%"
"11.08.2023","3.735,50","3.660,00","3.760,00","3.621,50","212,45K","2,06%"
"10.08.2023","3.660,00","3.683,50","3.684,50","3.630,00","114,04K","-0,27%"
"09.08.2023","3.670,00","3.710,00","3.715,00","3.613,00","176,44K","-0,77%"
"08.08.2023","3.698,50","3.675,00","3.698,50","3.564,00","327,40K","0,42%"
"07.08.2023","3.683,00","3.715,00","3.774,00","3.645,50","230,63K","-0,73%"
"04.08.2023","3.710,00","3.790,00","3.837,50","3.408,00","679,29K","-2,15%"
"03.08.2023","3.791,50","3.795,00","3.809,00","3.750,00","199,26K","-0,09%"
"02.08.2023","3.795,00","3.804,00","3.838,00","3.760,50","343,32K","-0,22%"
"01.08.2023","3.803,50","3.719,00","3.844,00","3.679,00","753,91K","2,70%"
"31.07.2023","3.703,50","3.720,00","3.730,00","3.642,00","306,95K","0,45%"
"28.07.2023","3.687,00","3.700,00","3.735,00","3.643,50","526,94K","-0,18%"
"27.07.2023","3.693,50","3.640,00","3.695,00","3.634,00","184,06K","1,43%"
"26.07.2023","3.641,50","3.678,00","3.678,00","3.591,00","318,60K","-0,99%"
"25.07.2023","3.678,00","3.706,50","3.723,50","3.665,00","343,52K","-0,46%"
"24.07.2023","3.695,00","3.630,00","3.695,00","3.614,00","417,89K","2,70%"
"21.07.2023","3.598,00","3.434,00","3.599,50","3.410,50","575,51K","4,90%"
"20.07.2023","3.430,00","3.548,00","3.557,50","3.416,00","503,00K","-3,33%"
"19.07.2023","3.548,00","3.601,00","3.625,50","3.521,00","466,86K","-1,24%"
"18.07.2023","3.592,50","3.520,00","3.619,50","3.490,00","1,07M","3,23%"
"17.07.2023","3.480,00","3.279,00","3.484,00","3.252,00","912,05K","5,55%"
"14.07.2023","3.297,00","3.268,00","3.313,00","3.240,00","189,19K","0,90%"
"13.07.2023","3.267,50","3.317,00","3.317,00","3.250,50","209,08K","-0,82%"
"12.07.2023","3.294,50","3.260,00","3.330,00","3.222,50","553,89K","1,21%"
"11.07.2023","3.255,00","3.108,00","3.280,00","3.080,50","592,20K","4,75%"
"10.07.2023","3.107,50","3.080,00","3.125,00","3.051,50","182,77K","1,67%"
"07.07.2023","3.056,50","3.030,00","3.067,50","3.027,50","103,48K","0,63%"
"06.07.2023","3.037,50","3.055,00","3.078,50","3.030,00","91,21K","-0,41%"
"05.07.2023","3.050,00","3.029,00","3.050,00","3.012,50","92,56K","1,03%"
"04.07.2023","3.019,00","3.061,00","3.065,50","3.005,50","183,23K","-1,37%"
"03.07.2023","3.061,00","3.110,00","3.110,00","3.059,00","137,66K","-0,58%"
"30.06.2023","3.079,00","3.093,00","3.112,50","3.064,50","121,52K","-0,65%"
"29.06.2023","3.099,00","3.096,00","3.137,00","3.078,00","151,72K","0,23%"
"28.06.2023","3.092,00","3.120,00","3.127,00","3.070,50","164,09K","-0,79%"
"27.06.2023","3.116,50","3.120,00","3.133,50","3.054,00","286,52K","-0,03%"
"26.06.2023","3.117,50","3.173,00","3.223,50","2.991,00","560,30K","0,89%"
"23.06.2023","3.090,00","3.202,00","3.226,50","3.075,00","489,87K","-4,04%"
"22.06.2023","3.220,00","3.285,00","3.299,00","3.202,50","335,47K","-2,13%"
"21.06.2023","3.290,00","3.304,00","3.346,50","3.273,00","602,30K","-0,15%"
"20.06.2023","3.295,00","3.250,00","3.312,00","3.170,00","1,61M","6,08%"
"19.06.2023","3.106,00","3.110,00","3.120,00","3.028,00","204,74K","0,16%"
"16.06.2023","3.101,00","3.130,00","3.134,50","3.084,50","179,61K","-0,61%"
"15.06.2023","3.120,00","3.106,00","3.121,00","3.071,50","164,08K","0,81%"
"14.06.2023","3.095,00","3.097,00","3.126,50","3.065,00","221,63K","0,32%"
"13.06.2023","3.085,00","3.017,50","3.092,50","3.011,00","188,70K","2,95%"
"09.06.2023","2.996,50","3.040,00","3.043,50","2.977,50","156,84K","-1,07%"
"08.06.2023","3.029,00","2.910,00","3.055,00","2.908,00","543,76K","-0,48%"
"07.06.2023","3.043,50","2.990,00","3.096,50","2.968,50","492,35K","2,08%"
"06.06.2023","2.981,50","2.950,50","3.000,00","2.860,00","413,06K","1,33%"
"05.06.2023","2.942,50","3.100,00","3.100,00","2.902,00","506,45K","-4,17%"
"02.06.2023","3.070,50","3.040,50","3.088,00","3.023,50","272,05K","1,44%"
"01.06.2023","3.027,00","3.040,00","3.061,00","3.013,00","262,85K","-0,21%"
"31.05.2023","3.033,50","3.108,50","3.125,00","3.010,00","566,32K","-1,59%"
"30.05.2023","3.082,50","3.001,50","3.193,00","2.970,50","1,48M","1,10%"
"29.05.2023","3.049,00","2.975,50","3.100,00","2.892,50","1,98M","11,38%"
"26.05.2023","2.737,50","2.655,00","2.742,50","2.619,00","379,46K","3,34%"
"25.05.2023","2.649,00","2.689,50","2.696,00","2.618,00","164,10K","-0,97%"
"24.05.2023","2.675,00","2.622,00","2.703,00","2.550,00","329,69K","2,57%"
"23.05.2023","2.608,00","2.610,00","2.627,50","2.580,00","95,96K","0,27%"
"22.05.2023","2.601,00","2.622,00","2.631,50","2.552,00","105,36K","-0,42%"
"19.05.2023","2.612,00","2.662,00","2.673,50","2.595,50","190,27K","-1,88%"
"18.05.2023","2.662,00","2.639,50","2.670,00","2.590,00","200,48K","1,29%"
"17.05.2023","2.628,00","2.583,00","2.631,50","2.568,50","147,82K","1,74%"
"16.05.2023","2.583,00","2.595,00","2.612,50","2.556,50","107,01K","-0,23%"
"15.05.2023","2.589,00","2.559,00","2.589,50","2.554,50","177,31K","1,85%"
"12.05.2023","2.542,00","2.556,00","2.561,00","2.509,00","86,63K","0,43%"
"11.05.2023","2.531,00","2.574,00","2.610,50","2.450,00","361,42K","-1,67%"
"10.05.2023","2.574,00","2.492,50","2.578,50","2.490,00","275,85K","3,23%"
"08.05.2023","2.493,50","2.488,00","2.512,50","2.474,00","50,40K","0,32%"
"05.05.2023","2.485,50","2.528,00","2.542,00","2.471,50","186,69K","-1,88%"
"04.05.2023","2.533,00","2.500,50","2.555,00","2.493,00","187,68K","1,06%"
"03.05.2023","2.506,50","2.613,00","2.623,50","2.481,00","716,66K","-4,09%"
"02.05.2023","2.613,50","2.728,00","2.755,00","2.570,00","326,30K","-4,04%"
"28.04.2023","2.723,50","2.889,00","2.889,00","2.705,00","804,47K","-1,04%"
"27.04.2023","2.752,00","2.769,00","2.783,50","2.687,50","300,16K","-0,47%"
"26.04.2023","2.765,00","2.779,50","2.850,00","2.712,50","413,53K","-0,13%"
"25.04.2023","2.768,50","2.668,00","2.778,00","2.660,00","806,96K","4,08%"
"24.04.2023","2.660,00","2.586,00","2.666,00","2.578,00","237,65K","3,22%"
"21.04.2023","2.577,00","2.587,00","2.602,50","2.567,00","53,02K","-0,39%"
"20.04.2023","2.587,00","2.590,00","2.610,00","2.550,50","84,07K","-0,39%"
"19.04.2023","2.597,00","2.613,00","2.613,00","2.568,50","82,01K","-0,61%"
"18.04.2023","2.613,00","2.625,00","2.625,00","2.581,00","94,39K","-0,02%"
"17.04.2023","2.613,50","2.595,00","2.620,00","2.577,50","79,46K","1,24%"
"14.04.2023","2.581,50","2.576,50","2.593,50","2.570,00","40,70K","0,02%"
"13.04.2023","2.581,00","2.607,50","2.608,00","2.565,00","63,78K","-0,65%"
"12.04.2023","2.598,00","2.617,50","2.617,50","2.581,50","61,38K","0,62%"
"11.04.2023","2.582,00","2.647,00","2.659,50","2.542,00","242,10K","-2,07%"
"10.04.2023","2.636,50","2.648,50","2.649,50","2.610,00","90,88K","0,51%"
"07.04.2023","2.623,00","2.640,50","2.674,00","2.602,50","169,37K","-0,32%"
"06.04.2023","2.631,50","2.593,00","2.673,50","2.570,50","203,54K","1,47%"
"05.04.2023","2.593,50","2.557,00","2.600,00","2.533,50","116,55K","0,52%"
"04.04.2023","2.580,00","2.619,50","2.619,50","2.560,00","94,81K","-0,56%"
"03.04.2023","2.594,50","2.620,00","2.628,00","2.556,00","137,09K","-0,61%"
"31.03.2023","2.610,50","2.668,00","2.687,50","2.566,50","202,98K","-1,84%"
"30.03.2023","2.659,50","2.642,00","2.677,00","2.596,50","268,17K","1,49%"
"29.03.2023","2.620,50","2.560,00","2.645,00","2.551,50","363,47K","2,62%"
"28.03.2023","2.553,50","2.583,00","2.583,00","2.514,50","131,64K","-0,58%"
"27.03.2023","2.568,50","2.434,00","2.604,00","2.426,00","528,84K","4,75%"
"24.03.2023","2.452,00","2.490,00","2.564,00","2.423,00","362,43K","-1,53%"
"23.03.2023","2.490,00","2.486,00","2.502,00","2.475,00","62,01K","0,28%"
"22.03.2023","2.483,00","2.510,00","2.511,50","2.477,00","42,93K","-0,76%"
"21.03.2023","2.502,00","2.511,50","2.520,00","2.485,00","89,93K","-0,38%"
"20.03.2023","2.511,50","2.485,00","2.522,00","2.473,00","99,74K","1,09%"
"17.03.2023","2.484,50","2.475,00","2.520,00","2.470,00","98,88K","-0,44%"
"16.03.2023","2.495,50","2.496,00","2.510,50","2.450,50","48,82K","0,02%"
"15.03.2023","2.495,00","2.510,00","2.526,00","2.470,50","90,55K","-0,78%"
"14.03.2023","2.514,50","2.520,00","2.525,00","2.503,00","56,94K","-0,46%"
"13.03.2023","2.526,00","2.536,00","2.575,50","2.505,00","87,65K","-0,37%"
"10.03.2023","2.535,50","2.521,00","2.546,00","2.507,50","34,34K","-0,51%"
"09.03.2023","2.548,50","2.563,50","2.580,00","2.541,50","55,79K","-0,64%"
"07.03.2023","2.565,00","2.574,00","2.574,50","2.554,00","42,29K","-0,08%"
"06.03.2023","2.567,00","2.558,00","2.580,00","2.550,50","44,28K","0,82%"
"03.03.2023","2.546,00","2.577,00","2.579,00","2.517,00","62,55K","0,12%"
"02.03.2023","2.543,00","2.598,50","2.602,50","2.502,50","127,00K","-2,10%"
"01.03.2023","2.597,50","2.617,50","2.622,50","2.578,00","67,90K","-0,33%"
"28.02.2023","2.606,00","2.625,00","2.629,50","2.600,00","54,00K","-0,53%"
"27.02.2023","2.620,00","2.540,00","2.620,00","2.532,00","102,97K","2,79%"
"24.02.2023","2.549,00","2.531,50","2.578,00","2.529,50","41,53K","0,77%"
"22.02.2023","2.529,50","2.575,00","2.575,00","2.524,00","52,00K","-0,92%"
"21.02.2023","2.553,00","2.526,00","2.694,50","2.500,50","336,07K","1,15%"
"20.02.2023","2.524,00","2.560,00","2.567,00","2.463,00","84,90K","-1,21%"
"17.02.2023","2.555,00","2.554,00","2.603,50","2.540,00","52,53K","0,06%"
"16.02.2023","2.553,50","2.539,50","2.612,50","2.526,00","69,27K","0,55%"
"15.02.2023","2.539,50","2.670,00","2.670,00","2.510,00","75,60K","-4,89%"
"14.02.2023","2.670,00","2.705,00","2.708,00","2.634,50","67,48K","-1,18%"
"13.02.2023","2.702,00","2.704,50","2.717,50","2.690,00","46,77K","0,99%"
"10.02.2023","2.675,50","2.752,00","2.752,00","2.629,00","299,87K","2,71%"
"09.02.2023","2.605,00","2.617,00","2.621,50","2.585,00","25,06K","0,37%"
"08.02.2023","2.595,50","2.612,50","2.619,00","2.576,50","38,20K","-0,65%"
"07.02.2023","2.612,50","2.625,50","2.633,00","2.590,00","32,87K","0,04%"
"06.02.2023","2.611,50","2.578,00","2.624,00","2.565,50","46,51K","1,26%"
"03.02.2023","2.579,00","2.582,00","2.600,00","2.545,50","37,20K","-0,88%"
"02.02.2023","2.602,00","2.586,00","2.631,50","2.575,00","48,47K","1,50%"
"01.02.2023","2.563,50","2.644,00","2.675,50","2.563,50","101,14K","-2,27%"
"31.01.2023","2.623,00","2.529,00","2.653,00","2.496,00","178,49K","3,82%"
"30.01.2023","2.526,50","2.531,00","2.531,00","2.506,50","24,11K","0,08%"
"27.01.2023","2.524,50","2.509,00","2.530,00","2.509,00","32,03K","0,62%"
"26.01.2023","2.509,00","2.505,00","2.536,00","2.499,50","36,52K","0,00%"
"25.01.2023","2.509,00","2.494,00","2.538,00","2.479,50","41,82K","0,56%"
"24.01.2023","2.495,00","2.470,00","2.505,00","2.450,00","42,42K","1,36%"
"23.01.2023","2.461,50","2.455,00","2.475,50","2.455,00","17,38K","0,18%"
"20.01.2023","2.457,00","2.470,00","2.472,50","2.439,00","21,07K","-0,49%"
"19.01.2023","2.469,00","2.510,00","2.510,00","2.468,50","33,00K","-1,08%"
"18.01.2023","2.496,00","2.500,00","2.511,00","2.447,00","46,00K","-0,52%"
"17.01.2023","2.509,00","2.532,00","2.538,50","2.485,00","42,53K","-0,91%"
"16.01.2023","2.532,00","2.539,00","2.554,00","2.522,00","52,18K","-0,35%"
"13.01.2023","2.541,00","2.536,50","2.541,00","2.477,00","52,42K","0,18%"
"12.01.2023","2.536,50","2.497,00","2.567,00","2.495,00","148,52K","1,62%"
"11.01.2023","2.496,00","2.409,50","2.496,00","2.409,50","93,23K","3,72%"
"10.01.2023","2.406,50","2.399,00","2.406,50","2.373,00","20,11K","0,48%"
"09.01.2023","2.395,00","2.390,00","2.415,00","2.387,00","16,79K","0,21%"
"06.01.2023","2.390,00","2.424,00","2.424,00","2.390,00","15,08K","-0,31%"
"05.01.2023","2.397,50","2.420,00","2.447,50","2.275,00","48,92K","-1,26%"
"04.01.2023","2.428,00","2.424,00","2.440,50","2.416,00","16,24K","0,14%"
"03.01.2023","2.424,50","2.430,00","2.450,00","2.406,50","14,63K","0,37%"
"30.12.2022","2.415,50","2.419,50","2.428,00","2.414,00","20,68K","-0,19%"
"29.12.2022","2.420,00","2.424,00","2.465,00","2.409,00","35,99K","-0,17%"
"28.12.2022","2.424,00","2.429,50","2.429,50","2.403,00","22,40K","0,17%"
"27.12.2022","2.420,00","2.430,00","2.440,00","2.410,00","17,58K","-0,12%"
"26.12.2022","2.423,00","2.420,00","2.448,50","2.406,00","29,89K","0,37%"
"23.12.2022","2.414,00","2.423,50","2.454,50","2.402,00","24,15K","-0,37%"
"22.12.2022","2.423,00","2.382,00","2.462,00","2.335,00","111,74K","2,39%"
"21.12.2022","2.366,50","2.421,00","2.435,50","2.355,00","50,40K","-1,44%"
"20.12.2022","2.401,00","2.381,50","2.442,00","2.360,00","43,32K","0,80%"
"19.12.2022","2.382,00","2.520,00","2.520,00","2.380,00","145,08K","-4,20%"
"16.12.2022","2.486,50","2.520,00","2.549,00","2.407,00","112,14K","0,10%"
"15.12.2022","2.484,00","2.396,00","2.512,00","2.320,00","216,20K","3,72%"
"14.12.2022","2.395,00","2.420,00","2.427,00","2.381,50","24,50K","-1,03%"
"13.12.2022","2.420,00","2.386,00","2.461,00","2.386,00","74,76K","1,47%"
"12.12.2022","2.385,00","2.425,00","2.485,00","2.381,00","90,93K","-1,65%"
"09.12.2022","2.425,00","2.344,00","2.447,50","2.291,50","120,53K","3,46%"
"08.12.2022","2.344,00","2.367,00","2.374,00","2.340,50","34,17K","-0,95%"
"07.12.2022","2.366,50","2.372,50","2.389,50","2.350,00","42,88K","-1,85%"
"06.12.2022","2.411,00","2.400,00","2.430,00","2.376,00","35,94K","0,48%"
"05.12.2022","2.399,50","2.405,00","2.447,50","2.372,50","48,71K","-0,85%"
"02.12.2022","2.420,00","2.454,00","2.454,00","2.399,50","41,39K","-0,84%"
"01.12.2022","2.440,50","2.444,50","2.456,00","2.406,50","28,37K","0,37%"
"30.11.2022","2.431,50","2.444,00","2.449,50","2.400,00","33,64K","0,56%"
"29.11.2022","2.418,00","2.474,00","2.474,00","2.350,00","68,40K","-1,69%"
"28.11.2022","2.459,50","2.468,00","2.487,00","2.430,00","31,78K","-0,83%"
"25.11.2022","2.480,00","2.474,50","2.488,50","2.440,00","25,98K","0,49%"
"24.11.2022","2.468,00","2.505,50","2.508,00","2.456,50","29,48K","-1,00%"
"23.11.2022","2.493,00","2.500,00","2.529,00","2.481,00","76,02K","0,44%"
"22.11.2022","2.482,00","2.441,00","2.522,00","2.430,00","113,59K","2,56%"
"21.11.2022","2.420,00","2.486,00","2.490,50","2.419,00","59,75K","-2,83%"
"18.11.2022","2.490,50","2.520,00","2.520,00","2.480,00","50,27K","-1,37%"
"17.11.2022","2.525,00","2.589,50","2.589,50","2.505,00","115,29K","-2,06%"
"16.11.2022","2.578,00","2.570,00","2.655,50","2.550,50","191,38K","-2,20%"
"15.11.2022","2.636,00","2.570,50","2.683,50","2.565,00","212,09K","3,17%"
"14.11.2022","2.555,00","2.488,00","2.573,00","2.447,00","138,68K","2,61%"
"11.11.2022","2.490,00","2.510,00","2.520,00","2.483,00","27,46K","-0,62%"
"10.11.2022","2.505,50","2.451,50","2.508,00","2.418,00","39,81K","1,38%"
"09.11.2022","2.471,50","2.490,00","2.509,50","2.425,50","75,08K","-0,92%"
"08.11.2022","2.494,50","2.536,00","2.536,00","2.480,00","48,99K","-0,60%"
"07.11.2022","2.509,50","2.485,00","2.549,00","2.450,00","93,67K","1,72%"
"03.11.2022","2.467,00","2.470,00","2.512,50","2.431,00","83,29K","-1,42%"
"02.11.2022","2.502,50","2.541,00","2.560,00","2.469,00","135,25K","-1,38%"
"01.11.2022","2.537,50","2.515,00","2.579,50","2.515,00","105,98K","1,10%"
"31.10.2022","2.510,00","2.495,00","2.540,00","2.466,00","112,56K","1,41%"
"28.10.2022","2.475,00","2.437,00","2.515,00","2.341,50","229,77K","1,56%"
"27.10.2022","2.437,00","2.330,00","2.468,00","2.308,50","318,00K","5,18%"
"26.10.2022","2.317,00","2.335,00","2.345,00","2.266,50","67,89K","-0,56%"
"25.10.2022","2.330,00","2.328,00","2.381,00","2.291,50","152,64K","1,53%"
"24.10.2022","2.295,00","2.344,00","2.360,00","2.272,00","120,76K","1,86%"
"21.10.2022","2.253,00","2.276,50","2.289,50","2.202,50","88,10K","-1,03%"
"20.10.2022","2.276,50","2.302,00","2.366,50","2.225,00","132,68K","-0,59%"
"19.10.2022","2.290,00","2.337,00","2.363,50","2.222,50","221,96K","-3,70%"
"18.10.2022","2.378,00","2.310,00","2.417,00","2.290,00","352,61K","4,23%"
"17.10.2022","2.281,50","2.081,00","2.286,00","2.081,00","225,46K","9,69%"
"14.10.2022","2.080,00","2.120,00","2.141,50","2.056,50","94,32K","-1,28%"
"13.10.2022","2.107,00","2.130,00","2.165,00","2.021,50","95,70K","-0,80%"
"12.10.2022","2.124,00","2.039,00","2.164,00","2.022,00","180,06K","5,07%"
"11.10.2022","2.021,50","1.982,00","2.062,50","1.952,50","78,16K","1,66%"
"10.10.2022","1.988,50","1.873,00","1.997,00","1.770,50","153,96K","2,03%"
"07.10.2022","1.949,00","2.028,00","2.028,00","1.931,50","143,05K","-3,08%"
"06.10.2022","2.011,00","2.045,00","2.065,00","1.985,50","168,67K","-0,40%"
"05.10.2022","2.019,00","2.100,00","2.133,50","1.920,00","602,50K","-3,86%"
"04.10.2022","2.100,00","2.186,00","2.303,50","2.030,00","327,27K","-3,25%"
"03.10.2022","2.170,50","2.105,00","2.368,00","2.105,00","399,30K","3,83%"
"30.09.2022","2.090,50","2.090,00","2.180,00","1.850,50","293,47K","5,79%"
"29.09.2022","1.976,00","2.125,00","2.200,00","1.965,00","85,52K","-6,57%"
"28.09.2022","2.115,00","2.237,00","2.249,00","2.102,00","52,86K","-4,71%"
"27.09.2022","2.219,50","2.279,50","2.280,00","2.102,00","68,76K","0,89%"
"26.09.2022","2.200,00","2.398,00","2.399,00","2.100,00","124,21K","-10,31%"
"23.09.2022","2.453,00","2.639,00","2.639,00","2.430,00","73,62K","-7,22%"
"22.09.2022","2.644,00","2.669,00","2.810,00","2.600,00","81,04K","0,15%"
"21.09.2022","2.640,00","2.304,00","2.759,50","2.040,00","195,43K","3,13%"
"20.09.2022","2.560,00","2.989,50","2.989,50","2.500,50","283,93K","-14,37%"
"19.09.2022","2.989,50","3.117,00","3.118,00","2.954,00","148,05K","-4,14%"
"16.09.2022","3.118,50","3.235,00","3.274,50","3.081,50","110,99K","-3,12%"
"15.09.2022","3.219,00","3.200,00","3.230,00","3.167,00","50,10K","1,05%"
"14.09.2022","3.185,50","3.214,00","3.214,00","3.121,50","64,27K","-0,90%"
"13.09.2022","3.214,50","3.300,00","3.327,00","3.195,50","143,11K","-1,20%"
"12.09.2022","3.253,50","3.211,00","3.292,00","3.182,00","119,64K","2,50%"
"09.09.2022","3.174,00","3.100,00","3.207,00","3.084,50","50,14K","2,32%"
"08.09.2022","3.102,00","3.147,00","3.147,00","3.064,50","32,33K","0,24%"
"07.09.2022","3.094,50","3.095,00","3.139,00","3.051,00","45,44K","0,06%"
"06.09.2022","3.092,50","3.140,00","3.177,00","3.030,50","85,25K","-2,23%"
"05.09.2022","3.163,00","3.170,00","3.189,50","3.139,50","51,58K","1,05%"
"02.09.2022","3.130,00","3.120,00","3.195,00","3.102,00","94,18K","0,97%"
"01.09.2022","3.100,00","3.023,00","3.167,50","2.980,50","167,42K","3,23%"
"31.08.2022","3.003,00","2.920,00","3.030,00","2.882,00","118,30K","1,15%"
"30.08.2022","2.969,00","3.100,00","3.100,00","2.965,00","99,08K","-2,45%"
"29.08.2022","3.043,50","2.972,00","3.077,50","2.931,00","152,33K","3,70%"
"26.08.2022","2.935,00","2.945,00","2.988,00","2.908,00","47,01K","-0,34%"
"25.08.2022","2.945,00","2.897,00","2.975,00","2.868,50","73,94K","2,31%"
"24.08.2022","2.878,50","2.910,00","2.910,00","2.850,50","27,12K","-0,54%"
"23.08.2022","2.894,00","2.868,50","2.917,50","2.845,00","37,97K","0,68%"
"22.08.2022","2.874,50","2.845,00","2.900,00","2.842,00","41,47K","1,14%"
"19.08.2022","2.842,00","2.865,00","2.874,00","2.820,00","20,80K","-0,46%"
"18.08.2022","2.855,00","2.817,50","2.910,00","2.803,00","54,70K","1,33%"
"17.08.2022","2.817,50","2.840,00","2.868,00","2.800,00","41,98K","-0,09%"
"16.08.2022","2.820,00","2.825,00","2.836,50","2.800,00","31,09K","0,71%"
"15.08.2022","2.800,00","2.781,00","2.832,50","2.715,00","33,95K","0,83%"
"12.08.2022","2.777,00","2.754,00","2.825,00","2.705,00","34,38K","0,84%"
"11.08.2022","2.754,00","2.780,00","2.820,00","2.746,50","33,90K","-0,94%"
"10.08.2022","2.780,00","2.789,00","2.805,00","2.750,00","46,79K","-0,32%"
"09.08.2022","2.789,00","2.845,00","2.845,00","2.751,50","42,24K","-0,87%"
"08.08.2022","2.813,50","2.716,00","2.845,00","2.716,00","108,39K","6,17%"
"05.08.2022","2.650,00","2.743,00","2.762,00","2.577,00","93,50K","-3,28%"
"04.08.2022","2.740,00","2.713,00","2.785,00","2.680,00","25,91K","1,05%"
"03.08.2022","2.711,50","2.713,00","2.760,00","2.685,00","29,71K","0,43%"
"02.08.2022","2.700,00","2.785,00","2.800,00","2.700,00","44,68K","-2,95%"
"01.08.2022","2.782,00","2.858,00","2.867,50","2.781,00","39,93K","-2,61%"
"29.07.2022","2.856,50","2.830,50","2.877,00","2.817,50","27,96K","0,94%"
"28.07.2022","2.830,00","2.861,00","2.896,50","2.768,00","52,87K","-1,08%"
"27.07.2022","2.861,00","2.907,00","2.934,50","2.830,00","59,84K","-0,88%"
"26.07.2022","2.886,50","2.990,00","3.049,00","2.850,00","161,03K","-2,15%"
"25.07.2022","2.950,00","2.940,00","3.070,00","2.880,00","154,69K","4,04%"
"22.07.2022","2.835,50","2.889,50","2.970,00","2.808,00","200,93K","-1,61%"
"21.07.2022","2.882,00","2.765,00","2.882,00","2.664,00","114,87K","4,34%"
"20.07.2022","2.762,00","2.758,50","2.790,00","2.704,00","40,77K","1,43%"
"19.07.2022","2.723,00","2.819,00","2.819,00","2.642,50","43,68K","-1,50%"
"18.07.2022","2.764,50","2.678,00","2.800,00","2.677,00","56,09K","3,27%"
"15.07.2022","2.677,00","2.650,00","2.705,00","2.650,00","42,84K","1,21%"
"14.07.2022","2.645,00","2.599,50","2.666,50","2.587,50","37,41K","2,84%"
"13.07.2022","2.572,00","2.570,00","2.726,00","2.528,50","100,28K","2,04%"
"12.07.2022","2.520,50","2.570,00","2.589,50","2.470,00","43,85K","-1,96%"
"11.07.2022","2.571,00","2.641,50","2.690,00","2.556,50","39,91K","-4,60%"
"08.07.2022","2.695,00","2.678,00","2.709,00","2.610,00","24,22K","1,70%"
"07.07.2022","2.650,00","2.714,50","2.757,00","2.650,00","27,49K","-2,36%"
"06.07.2022","2.714,00","2.720,00","2.744,50","2.700,00","27,65K","-0,26%"
"05.07.2022","2.721,00","2.768,00","2.768,00","2.611,00","49,86K","-0,68%"
"04.07.2022","2.739,50","2.830,00","2.838,00","2.705,00","57,37K","-2,09%"
"01.07.2022","2.798,00","2.660,00","2.837,00","2.610,50","184,38K","5,39%"
"30.06.2022","2.655,00","2.617,00","2.760,00","2.435,00","172,44K","1,45%"
"29.06.2022","2.617,00","2.816,00","2.833,50","2.561,00","134,55K","-7,00%"
"28.06.2022","2.814,00","2.895,00","2.989,00","2.671,00","402,17K","-0,99%"
"27.06.2022","2.842,00","2.769,50","2.919,00","2.690,00","251,27K","5,65%"
"24.06.2022","2.690,00","2.560,00","2.822,00","2.525,00","361,49K","6,92%"
"23.06.2022","2.516,00","2.418,00","2.557,00","2.352,00","204,20K","4,10%"
"22.06.2022","2.417,00","2.446,00","2.500,00","2.375,00","125,79K","-0,94%"
"21.06.2022","2.440,00","2.373,00","2.541,00","2.352,00","231,21K","3,74%"
"20.06.2022","2.352,00","2.340,00","2.389,50","2.325,00","61,36K","1,47%"
"17.06.2022","2.318,00","2.319,00","2.399,00","2.274,00","98,25K","0,70%"
"16.06.2022","2.302,00","2.309,00","2.340,00","2.262,00","35,43K","0,15%"
"15.06.2022","2.298,50","2.294,00","2.325,00","2.264,50","28,53K","0,50%"
"14.06.2022","2.287,00","2.295,00","2.415,00","2.265,50","30,35K","-0,57%"
"10.06.2022","2.300,00","2.400,00","2.480,00","2.272,00","150,00K","-3,36%"
"09.06.2022","2.380,00","2.292,00","2.410,00","2.250,50","62,02K","5,10%"
"08.06.2022","2.264,50","2.361,50","2.440,00","2.250,00","104,06K","-3,84%"
"07.06.2022","2.355,00","2.204,00","2.377,00","2.201,50","89,97K","7,49%"
"06.06.2022","2.191,00","2.100,00","2.206,50","2.025,00","35,47K","6,54%"
"03.06.2022","2.056,50","2.133,00","2.140,50","1.922,50","50,35K","-4,24%"
"02.06.2022","2.147,50","2.220,00","2.226,50","2.136,00","20,18K","-2,61%"
"01.06.2022","2.205,00","2.220,00","2.249,00","2.200,00","24,31K","-0,68%"
"31.05.2022","2.220,00","2.320,00","2.328,00","2.202,00","52,34K","-4,64%"
"30.05.2022","2.328,00","2.370,00","2.416,50","2.309,00","34,04K","-1,69%"
"27.05.2022","2.368,00","2.367,50","2.410,00","2.360,50","61,45K","0,34%"
"26.05.2022","2.360,00","2.400,00","2.466,50","2.345,00","166,40K","-0,84%"
"25.05.2022","2.380,00","2.370,00","2.400,00","2.345,50","29,24K","1,56%"
"24.05.2022","2.343,50","2.389,00","2.469,00","2.272,50","83,90K","0,45%"
"23.05.2022","2.333,00","2.304,00","2.380,00","2.256,00","25,68K","1,00%"
"20.05.2022","2.310,00","2.368,00","2.392,00","2.280,00","16,21K","-2,45%"
"19.05.2022","2.368,00","2.442,50","2.442,50","2.325,50","22,11K","-2,33%"
"18.05.2022","2.424,50","2.394,00","2.479,00","2.370,50","92,77K","1,87%"
"17.05.2022","2.380,00","2.400,00","2.410,00","2.350,00","20,85K","-0,54%"
"16.05.2022","2.393,00","2.406,50","2.473,00","2.375,00","28,09K","-0,56%"
"13.05.2022","2.406,50","2.345,00","2.480,00","2.300,00","21,92K","2,71%"
"12.05.2022","2.343,00","2.490,00","2.490,00","2.251,50","18,67K","-6,02%"
"11.05.2022","2.493,00","2.475,00","2.508,00","2.358,50","20,23K","2,83%"
"06.05.2022","2.424,50","2.462,00","2.482,00","2.400,00","16,29K","-2,32%"
"05.05.2022","2.482,00","2.538,50","2.650,00","2.450,00","25,54K","-2,23%"
"04.05.2022","2.538,50","2.656,00","2.781,00","2.518,50","39,20K","-3,70%"
"29.04.2022","2.636,00","2.549,50","2.750,00","2.502,50","67,13K","4,81%"
"28.04.2022","2.515,00","2.587,00","2.650,00","2.453,00","50,63K","-1,76%"
"27.04.2022","2.560,00","2.595,00","2.596,50","2.401,50","40,19K","2,42%"
"26.04.2022","2.499,50","2.496,50","2.656,00","2.430,00","56,54K","2,94%"
"25.04.2022","2.428,00","2.400,00","2.680,00","2.202,00","94,51K","1,17%"
"22.04.2022","2.400,00","2.793,00","2.916,00","2.371,00","102,52K","-14,07%"
"21.04.2022","2.793,00","2.235,00","2.882,00","2.235,00","134,81K","25,13%"
"20.04.2022","2.232,00","2.120,50","2.375,50","2.080,00","53,21K","5,26%"
"19.04.2022","2.120,50","2.203,50","2.203,50","2.019,00","34,31K","-3,70%"
"18.04.2022","2.202,00","2.377,00","2.377,00","2.200,50","29,30K","-4,90%"
"15.04.2022","2.315,50","2.250,00","2.465,00","2.150,50","55,71K","2,91%"
"14.04.2022","2.250,00","2.440,00","2.440,00","2.221,00","28,69K","-6,79%"
"13.04.2022","2.414,00","2.430,00","2.463,00","2.381,00","19,62K","0,08%"
"12.04.2022","2.412,00","2.600,00","2.601,50","2.376,50","58,66K","-7,23%"
"11.04.2022","2.600,00","2.660,00","2.774,50","2.552,00","37,55K","-2,27%"
"08.04.2022","2.660,50","2.729,00","2.800,00","2.450,00","36,58K","-2,03%"
"07.04.2022","2.715,50","2.713,00","2.839,00","2.657,00","54,37K","1,32%"
"06.04.2022","2.680,00","2.760,00","2.865,00","2.610,00","36,01K","-2,90%"
"05.04.2022","2.760,00","3.050,00","3.079,00","2.602,00","84,33K","-6,76%"
"04.04.2022","2.960,00","3.220,00","3.349,50","2.910,00","65,90K","-6,02%"
"01.04.2022","3.149,50","3.250,00","3.500,00","3.061,00","130,05K","-0,94%"
"31.03.2022","3.179,50","2.580,00","3.390,00","2.455,00","249,91K","30,52%"
"30.03.2022","2.436,00","2.364,00","2.582,00","2.150,00","68,72K","13,30%"
"29.03.2022","2.150,00","2.048,00","2.332,00","1.916,00","121,23K","11,40%"
"28.03.2022","1.930,00","2.597,50","2.597,50","1.900,00","29,17K","-25,70%"
"25.02.2022","2.597,50","2.488,00","2.807,00","2.336,00","48,11K","11,19%"
"24.02.2022","2.336,00","3.690,00","3.700,00","2.336,00","16,76K","-39,79%"
"22.02.2022","3.880,00","4.111,50","4.355,00","3.400,00","136,42K","-7,62%"
"21.02.2022","4.200,00","4.445,50","4.511,50","4.050,00","35,49K","-4,96%"
"18.02.2022","4.419,00","4.413,50","4.652,50","4.400,00","40,70K","1,47%"
"17.02.2022","4.355,00","4.504,00","4.600,00","4.338,00","15,84K","-4,30%"
"16.02.2022","4.550,50","4.558,50","4.627,00","4.512,50","6,79K","-0,14%"
"15.02.2022","4.557,00","4.520,00","4.636,50","4.520,00","5,59K","0,93%"
"14.02.2022","4.515,00","4.664,50","4.676,50","4.500,00","10,90K","-3,80%"
"11.02.2022","4.693,50","4.795,00","4.867,00","4.675,00","16,76K","-1,93%"
"10.02.2022","4.786,00","4.750,00","4.810,00","4.564,50","32,99K","2,92%"
"09.02.2022","4.650,00","4.495,00","4.650,00","4.480,00","11,21K","3,41%"
"08.02.2022","4.496,50","4.460,50","4.500,00","4.445,00","2,98K","1,04%"
"07.02.2022","4.450,00","4.503,50","4.547,50","4.410,00","8,60K","-1,20%"
"04.02.2022","4.504,00","4.520,00","4.569,50","4.400,00","11,88K","2,33%"
"03.02.2022","4.401,50","4.445,50","4.540,00","4.339,00","19,98K","-0,98%"
"02.02.2022","4.445,00","4.398,00","4.590,00","4.315,00","21,62K","2,75%"
"01.02.2022","4.326,00","4.580,00","4.583,00","4.300,00","14,46K","-3,93%"
"31.01.2022","4.502,80","4.526,00","4.600,00","4.450,00","8,82K","0,35%"
"28.01.2022","4.487,00","4.599,00","4.650,00","4.451,60","8,39K","-0,97%"
"27.01.2022","4.531,00","4.551,20","4.638,60","4.430,00","15,06K","-0,44%"
"26.01.2022","4.551,20","4.679,60","4.679,60","4.417,40","14,05K","-2,12%"
"25.01.2022","4.650,00","4.204,00","4.664,60","4.204,00","26,50K","11,54%"
"24.01.2022","4.168,80","4.687,40","4.737,80","3.908,00","101,98K","-11,06%"
"21.01.2022","4.687,00","4.720,00","4.727,80","4.650,00","5,11K","-2,37%"
"20.01.2022","4.801,00","4.721,80","4.801,00","4.643,00","5,08K","2,56%"
"19.01.2022","4.681,00","4.657,00","4.735,20","4.657,00","13,63K","-1,45%"
"18.01.2022","4.749,80","4.884,00","4.884,00","4.657,20","14,39K","-2,75%"
"17.01.2022","4.884,00","4.810,00","4.931,80","4.711,00","8,34K","0,30%"
"14.01.2022","4.869,20","4.888,00","4.900,00","4.760,00","11,15K","-0,12%"
"13.01.2022","4.875,20","4.850,40","4.898,00","4.850,00","5,01K","-0,51%"
"12.01.2022","4.900,00","4.893,00","4.900,00","4.808,60","14,68K","0,16%"
"11.01.2022","4.892,00","4.851,00","4.916,20","4.851,00","3,44K","-0,16%"
"10.01.2022","4.900,00","4.876,40","4.921,40","4.826,20","7,36K","-0,02%"
"06.01.2022","4.901,00","4.850,20","4.920,60","4.850,20","7,07K","-0,24%"
"05.01.2022","4.913,00","4.987,00","4.987,00","4.856,20","8,92K","0,06%"
"04.01.2022","4.910,00","5.160,00","5.160,00","4.900,00","10,49K","-1,80%"
"03.01.2022","5.000,00","4.910,00","5.048,80","4.895,00","16,36K","3,09%"
"30.12.2021","4.850,00","4.800,20","4.972,80","4.735,40","24,17K","0,81%"
"29.12.2021","4.811,00","4.755,00","4.840,00","4.720,20","14,33K","0,44%"
"28.12.2021","4.789,80","4.848,00","4.848,00","4.720,60","24,96K","-0,21%"
"27.12.2021","4.800,00","4.787,80","4.904,40","4.609,00","26,27K","0,84%"
"24.12.2021","4.760,20","4.847,20","4.864,80","4.760,20","10,61K","-0,99%"
"23.12.2021","4.808,00","4.859,00","4.930,00","4.750,00","22,10K","-0,99%"
"22.12.2021","4.856,20","4.818,80","4.990,00","4.818,80","23,44K","-2,68%"
"21.12.2021","4.990,00","4.937,80","4.990,00","4.780,00","38,94K","0,81%"
"20.12.2021","4.949,80","5.020,00","5.040,40","4.877,80","26,97K","0,81%"
"17.12.2021","4.910,20","5.050,00","5.063,00","4.910,20","26,69K","-2,59%"
"16.12.2021","5.040,80","5.100,00","5.100,00","5.001,80","9,03K","0,21%"
"15.12.2021","5.030,00","5.010,00","5.085,00","4.950,20","23,99K","0,60%"
"14.12.2021","5.000,00","4.996,20","5.024,80","4.800,00","40,36K","-0,79%"
"13.12.2021","5.040,00","5.160,00","5.160,00","4.970,00","24,18K","-0,86%"
"10.12.2021","5.083,80","5.095,00","5.150,00","5.030,00","10,60K","-0,32%"
"09.12.2021","5.100,00","5.161,20","5.161,20","4.970,00","28,86K","0,02%"
"08.12.2021","5.099,00","5.171,80","5.193,00","4.981,20","27,66K","-0,02%"
"07.12.2021","5.100,00","5.169,80","5.270,40","4.982,20","35,56K","0,10%"
"06.12.2021","5.095,00","5.110,00","5.187,00","4.909,00","82,63K","-0,29%"
"03.12.2021","5.110,00","5.480,00","5.500,00","5.020,00","85,78K","-4,80%"
"02.12.2021","5.367,80","4.930,00","5.367,80","4.924,20","120,14K","9,48%"
"01.12.2021","4.903,00","4.750,00","4.925,00","4.750,00","35,09K","3,44%"
"30.11.2021","4.740,00","4.840,00","4.880,00","4.660,00","27,66K","-0,73%"
"29.11.2021","4.775,00","4.710,00","4.960,80","4.686,40","72,76K","1,38%"
"26.11.2021","4.710,00","4.697,20","4.715,80","4.550,00","18,21K","0,11%"
"25.11.2021","4.704,80","4.684,00","4.740,00","4.652,60","18,41K","0,37%"
"24.11.2021","4.687,40","4.650,00","4.700,00","4.457,60","54,75K","1,24%"
"23.11.2021","4.630,00","4.741,00","4.741,00","4.493,00","56,61K","-2,34%"
"22.11.2021","4.741,00","4.730,20","4.748,00","4.566,20","54,88K","0,23%"
"19.11.2021","4.730,00","4.738,40","4.779,80","4.672,80","21,65K","0,13%"
"18.11.2021","4.724,00","4.810,00","4.820,00","4.658,60","54,48K","-2,19%"
"17.11.2021","4.830,00","4.840,00","4.844,20","4.751,20","23,06K","0,00%"
"16.11.2021","4.830,00","4.848,00","4.848,00","4.780,20","27,88K","-0,62%"
"15.11.2021","4.860,00","4.820,00","4.875,80","4.780,00","21,35K","-0,51%"
"12.11.2021","4.885,00","4.854,00","4.885,00","4.741,40","59,97K","0,64%"
"11.11.2021","4.854,00","4.814,00","4.910,00","4.802,20","43,48K","0,05%"
"10.11.2021","4.851,40","4.896,00","4.927,80","4.817,00","22,55K","-0,87%"
"09.11.2021","4.894,00","4.890,00","4.928,00","4.860,60","13,13K","0,08%"
"08.11.2021","4.890,00","4.910,20","4.921,00","4.848,40","15,83K","-0,41%"
"05.11.2021","4.910,20","4.915,00","4.940,60","4.844,00","16,48K","-0,10%"
"03.11.2021","4.915,00","4.894,20","4.958,80","4.851,00","15,58K","0,30%"
"02.11.2021","4.900,40","4.946,20","5.000,00","4.850,00","23,92K","-0,84%"
"01.11.2021","4.942,00","4.805,00","4.975,00","4.805,00","17,13K","0,65%"
"29.10.2021","4.910,00","4.930,00","4.988,60","4.874,60","28,37K","1,03%"
"28.10.2021","4.860,00","4.910,00","4.931,60","4.760,00","29,90K","-0,70%"
"27.10.2021","4.894,20","4.845,00","4.947,00","4.755,00","35,68K","1,54%"
"26.10.2021","4.820,00","4.822,20","4.868,20","4.740,00","42,90K","0,10%"
"25.10.2021","4.815,00","4.997,00","4.999,20","4.805,00","10,77K","0,31%"
"22.10.2021","4.800,20","4.790,40","5.016,00","4.790,40","45,75K","-0,02%"
"21.10.2021","4.801,00","4.800,00","4.820,00","4.674,20","49,32K","0,02%"
"20.10.2021","4.800,00","4.833,00","4.839,20","4.740,00","32,34K","-0,29%"
"19.10.2021","4.814,00","4.880,00","4.880,00","4.800,00","10,23K","0,19%"
"18.10.2021","4.805,00","4.830,00","4.870,00","4.740,00","23,90K","-0,07%"
"15.10.2021","4.808,60","4.980,00","4.990,00","4.808,60","34,25K","-2,84%"
"14.10.2021","4.949,00","4.860,00","4.967,20","4.800,00","36,08K","1,63%"
"13.10.2021","4.869,40","4.805,00","4.945,00","4.660,20","64,58K","1,24%"
"12.10.2021","4.809,80","4.899,80","4.899,80","4.796,20","30,14K","-1,45%"
"11.10.2021","4.880,40","4.936,80","4.969,80","4.872,20","30,03K","-1,14%"
"08.10.2021","4.936,80","4.934,60","5.052,00","4.870,00","65,83K","0,04%"
"07.10.2021","4.934,60","4.900,00","5.081,40","4.782,20","66,78K","1,12%"
"06.10.2021","4.880,00","4.999,00","4.999,00","4.830,00","55,70K","-2,40%"
"05.10.2021","5.000,00","4.970,00","5.250,00","4.840,00","196,89K","2,04%"
"04.10.2021","4.900,00","4.778,40","4.920,00","4.660,00","115,56K","0,49%"
"01.10.2021","4.876,00","4.944,00","4.948,60","4.670,00","152,82K","-2,28%"
"30.09.2021","4.990,00","5.064,20","5.126,00","4.621,00","267,52K","-1,38%"
"29.09.2021","5.060,00","5.100,00","5.140,00","4.908,80","149,41K","-1,75%"
"28.09.2021","5.150,00","5.198,40","5.300,00","5.012,00","100,68K","-0,58%"
"27.09.2021","5.180,20","5.262,00","5.419,80","4.830,00","395,10K","-1,55%"
"24.09.2021","5.262,00","5.580,00","5.580,00","5.200,00","192,67K","-5,72%"
"23.09.2021","5.581,40","5.710,00","5.710,00","5.500,00","104,75K","-1,02%"
"22.09.2021","5.639,20","5.698,80","5.728,00","5.467,80","201,40K","-0,19%"
"21.09.2021","5.650,00","5.541,80","5.750,00","5.525,00","277,86K","3,08%"
"20.09.2021","5.481,00","5.654,00","5.654,00","4.780,00","485,18K","-4,12%"
"17.09.2021","5.716,40","5.311,00","5.800,00","5.306,00","690,72K","7,96%"
"16.09.2021","5.295,00","5.000,00","5.300,00","4.929,00","344,95K","7,43%"
"15.09.2021","4.929,00","4.820,00","5.088,80","4.800,00","143,56K","3,46%"
"14.09.2021","4.764,20","4.932,00","4.932,00","4.537,00","156,90K","-1,56%"
"13.09.2021","4.839,80","4.800,00","5.070,00","4.700,00","310,31K","3,33%"
"10.09.2021","4.683,80","4.375,00","4.730,00","4.225,60","248,19K","6,94%"
"09.09.2021","4.380,00","4.111,40","4.398,00","4.099,80","200,06K","7,44%"
"08.09.2021","4.076,60","3.910,00","4.149,80","3.890,00","149,96K","4,52%"
"07.09.2021","3.900,20","4.198,00","4.295,00","3.540,00","315,33K","-6,67%"
"06.09.2021","4.178,80","3.898,80","4.198,00","3.898,80","138,20K","7,15%"
"03.09.2021","3.900,00","3.930,00","4.180,00","3.780,00","266,68K","0,22%"
"02.09.2021","3.891,60","3.512,60","3.899,60","3.442,20","238,79K","11,19%"
"01.09.2021","3.500,00","3.401,00","3.500,00","3.360,00","48,37K","2,94%"
"31.08.2021","3.400,00","3.402,00","3.450,00","3.320,00","43,83K","0,15%"
"30.08.2021","3.394,80","3.430,20","3.450,00","3.366,80","34,30K","-0,13%"
"27.08.2021","3.399,20","3.448,80","3.580,00","3.358,00","70,29K","0,34%"
"26.08.2021","3.387,80","3.275,00","3.448,80","3.261,00","74,53K","3,63%"
"25.08.2021","3.269,20","3.396,80","3.396,80","3.182,60","131,72K","-2,41%"
"24.08.2021","3.350,00","3.478,40","3.519,00","3.300,00","150,43K","-2,39%"
"23.08.2021","3.432,00","3.390,00","3.490,80","3.350,00","200,08K","2,30%"
"20.08.2021","3.355,00","3.180,00","3.390,00","3.124,20","147,82K","7,53%"
"19.08.2021","3.120,00","3.275,00","3.341,80","3.000,40","203,09K","-4,07%"
"18.08.2021","3.252,40","3.347,00","3.430,00","3.189,00","201,50K","-1,29%"
"17.08.2021","3.295,00","3.130,00","3.300,00","3.104,00","175,85K","6,42%"
"16.08.2021","3.096,20","3.050,00","3.169,00","3.040,00","114,50K","3,21%"
"13.08.2021","3.000,00","2.928,00","3.014,80","2.871,20","68,15K","2,38%"
"12.08.2021","2.930,20","2.996,00","3.080,00","2.820,00","144,37K","-2,22%"
"11.08.2021","2.996,80","2.878,00","3.100,00","2.805,00","314,28K","5,89%"
"10.08.2021","2.830,00","2.600,20","2.839,00","2.600,20","131,43K","8,85%"
"09.08.2021","2.600,00","2.468,00","2.737,20","2.465,00","119,97K","5,47%"
"06.08.2021","2.465,20","2.413,60","2.500,20","2.391,20","52,32K","2,79%"
"05.08.2021","2.398,20","2.371,40","2.414,00","2.354,00","18,63K","1,19%"
"04.08.2021","2.370,00","2.389,00","2.429,80","2.368,20","37,93K","-0,24%"
"03.08.2021","2.375,60","2.354,40","2.411,00","2.351,00","34,86K","0,55%"
"02.08.2021","2.362,60","2.369,00","2.395,80","2.338,20","34,42K","0,18%"
"30.07.2021","2.358,40","2.388,00","2.388,00","2.333,00","16,80K","0,36%"
"29.07.2021","2.350,00","2.368,00","2.413,20","2.336,00","28,39K","-0,01%"
"28.07.2021","2.350,20","2.359,80","2.458,00","2.320,00","63,80K","-0,03%"
"27.07.2021","2.351,00","2.388,80","2.388,80","2.320,00","40,07K","0,47%"
"26.07.2021","2.340,00","2.440,00","2.440,00","2.210,20","97,75K","-0,85%"
"23.07.2021","2.360,00","2.499,80","2.599,00","2.260,00","139,62K","-2,56%"
"22.07.2021","2.422,00","2.381,20","2.640,00","2.245,00","407,95K","1,76%"
"21.07.2021","2.380,00","2.170,00","2.498,80","2.170,00","268,20K","9,93%"
"20.07.2021","2.165,00","2.066,20","2.190,00","2.066,20","77,97K","4,88%"
"19.07.2021","2.064,20","2.049,00","2.200,00","2.025,00","118,31K","1,35%"
"16.07.2021","2.036,80","1.970,00","2.080,00","1.954,00","139,01K","4,45%"
"15.07.2021","1.950,00","1.953,60","2.050,00","1.864,00","112,39K","3,29%"
"14.07.2021","1.887,80","1.840,00","1.948,00","1.817,00","99,75K","3,95%"
"13.07.2021","1.816,00","1.815,40","1.852,00","1.815,00","27,78K","-0,22%"
"12.07.2021","1.820,00","1.800,00","1.899,00","1.756,00","28,60K","1,11%"
"09.07.2021","1.800,00","1.739,40","1.845,80","1.739,40","24,03K","3,46%"
"08.07.2021","1.739,80","1.726,00","1.775,00","1.691,80","19,32K","0,80%"
"07.07.2021","1.726,00","1.680,40","1.729,60","1.679,80","18,58K","2,13%"
"06.07.2021","1.690,00","1.695,00","1.703,60","1.670,20","10,89K","0,87%"
"05.07.2021","1.675,40","1.669,80","1.715,00","1.652,00","38,14K","0,61%"
"02.07.2021","1.665,20","1.677,60","1.705,00","1.664,00","17,01K","-0,41%"
"01.07.2021","1.672,00","1.685,60","1.686,00","1.655,20","15,99K","0,06%"
"30.06.2021","1.671,00","1.689,00","1.689,00","1.666,20","6,81K","-0,06%"
"29.06.2021","1.672,00","1.660,20","1.684,40","1.660,00","16,69K","-0,14%"
"28.06.2021","1.674,40","1.666,20","1.710,00","1.656,00","7,30K","-0,81%"
"25.06.2021","1.688,00","1.689,80","1.720,00","1.680,00","10,34K","-0,11%"
"24.06.2021","1.689,80","1.697,80","1.720,00","1.656,00","22,76K","0,73%"
"23.06.2021","1.677,60","1.669,80","1.710,40","1.655,40","18,30K","0,56%"
"22.06.2021","1.668,20","1.665,00","1.685,00","1.661,20","18,85K","0,19%"
"21.06.2021","1.665,00","1.664,60","1.670,00","1.631,20","13,23K","0,02%"
"18.06.2021","1.664,60","1.661,20","1.668,00","1.645,60","7,72K","0,20%"
"17.06.2021","1.661,20","1.674,20","1.674,20","1.631,80","4,42K","0,22%"
"16.06.2021","1.657,60","1.630,00","1.682,40","1.630,00","5,97K","-0,14%"
"15.06.2021","1.660,00","1.678,20","1.678,20","1.640,00","7,72K","-0,05%"
"14.06.2021","1.660,80","1.666,40","1.719,80","1.654,40","9,46K","0,41%"
"11.06.2021","1.654,00","1.653,00","1.676,60","1.621,20","40,19K","0,24%"
"10.06.2021","1.650,00","1.652,20","1.680,00","1.648,20","43,85K","0,00%"
"09.06.2021","1.650,00","1.630,00","1.749,20","1.630,00","60,16K","1,24%"
"08.06.2021","1.629,80","1.597,20","1.650,00","1.582,40","65,60K","2,50%"
"07.06.2021","1.590,00","1.596,80","1.607,60","1.582,00","25,39K","0,63%"
"04.06.2021","1.580,00","1.584,60","1.607,60","1.561,00","11,88K","-0,30%"
"03.06.2021","1.584,80","1.575,00","1.637,80","1.554,60","31,83K","1,20%"
"02.06.2021","1.566,00","1.540,00","1.571,60","1.536,00","54,24K","1,62%"
"01.06.2021","1.541,00","1.530,00","1.543,80","1.525,40","6,27K","0,13%"
"31.05.2021","1.539,00","1.527,00","1.542,20","1.517,60","8,11K","0,79%"
"28.05.2021","1.527,00","1.515,60","1.530,00","1.502,40","6,09K","0,75%"
"27.05.2021","1.515,60","1.529,00","1.530,00","1.513,40","3,79K","-0,37%"
"26.05.2021","1.521,20","1.520,20","1.529,60","1.520,00","2,02K","-0,28%"
"25.05.2021","1.525,40","1.524,20","1.530,40","1.513,20","63,00K","0,10%"
"24.05.2021","1.523,80","1.525,20","1.530,80","1.515,00","11,05K","-0,39%"
"21.05.2021","1.529,80","1.537,80","1.537,80","1.521,00","4,96K","-0,52%"
"20.05.2021","1.537,80","1.528,80","1.537,80","1.516,60","10,46K","0,59%"
"19.05.2021","1.528,80","1.534,00","1.534,00","1.512,00","9,41K","-0,34%"
"18.05.2021","1.534,00","1.520,80","1.538,40","1.511,00","13,34K","-0,32%"
"17.05.2021","1.539,00","1.535,80","1.539,00","1.299,80","56,79K","0,20%"
"14.05.2021","1.536,00","1.545,20","1.545,20","1.532,00","11,56K","-0,60%"
"13.05.2021","1.545,20","1.532,00","1.545,20","1.511,00","12,94K","0,03%"
"12.05.2021","1.544,80","1.549,80","1.549,80","1.531,20","6,34K","-0,10%"
"11.05.2021","1.546,40","1.534,60","1.546,40","1.515,20","11,47K","0,05%"
"10.05.2021","1.545,60","1.550,20","1.550,20","1.534,40","5,97K","-0,04%"
"07.05.2021","1.546,20","1.530,20","1.546,20","1.510,00","9,12K","0,86%"
"06.05.2021","1.533,00","1.530,20","1.542,00","1.522,60","7,22K","-0,47%"
"05.05.2021","1.540,20","1.532,00","1.542,00","1.520,40","4,23K","0,54%"
"04.05.2021","1.532,00","1.546,80","1.546,80","1.532,00","4,37K","-0,52%"
"30.04.2021","1.540,00","1.546,80","1.547,00","1.525,00","6,33K","0,00%"
"29.04.2021","1.540,00","1.540,00","1.547,40","1.524,40","11,96K","0,00%"
"28.04.2021","1.540,00","1.540,20","1.540,20","1.521,00","12,66K","-0,01%"
"27.04.2021","1.540,20","1.541,00","1.541,00","1.522,00","20,66K","-0,05%"
"26.04.2021","1.541,00","1.537,80","1.544,00","1.510,00","26,70K","0,06%"
"23.04.2021","1.540,00","1.540,00","1.545,00","1.505,00","64,51K","-0,50%"
"22.04.2021","1.547,80","1.542,60","1.549,00","1.530,80","17,29K","0,51%"
"21.04.2021","1.540,00","1.547,80","1.548,80","1.525,20","58,87K","0,01%"
"20.04.2021","1.539,80","1.533,00","1.559,00","1.522,20","39,59K","0,64%"
"19.04.2021","1.530,00","1.548,00","1.570,00","1.520,00","30,33K","-0,33%"
"16.04.2021","1.535,00","1.527,80","1.541,00","1.506,40","101,73K","0,85%"
"15.04.2021","1.522,00","1.519,60","1.533,00","1.496,00","40,79K","0,79%"
"14.04.2021","1.510,00","1.511,40","1.551,00","1.501,80","110,43K","-0,09%"
"13.04.2021","1.511,40","1.490,00","1.513,60","1.476,80","32,17K","1,85%"
"12.04.2021","1.484,00","1.499,80","1.517,40","1.475,00","55,92K","-1,20%"
"09.04.2021","1.502,00","1.503,00","1.529,20","1.427,00","102,72K","0,00%"
"08.04.2021","1.502,00","1.455,00","1.621,00","1.330,00","146,24K","5,03%"
"07.04.2021","1.430,00","1.324,40","1.493,40","1.300,60","37,87K","8,02%"
"06.04.2021","1.323,80","1.299,80","1.340,00","1.275,00","13,82K","2,15%"
"05.04.2021","1.296,00","1.299,80","1.300,00","1.290,40","9,57K","0,03%"
"02.04.2021","1.295,60","1.281,00","1.310,00","1.262,00","11,69K","1,95%"
"01.04.2021","1.270,80","1.260,00","1.270,80","1.250,00","14,39K","1,52%"
"31.03.2021","1.251,80","1.280,00","1.280,00","1.247,00","13,11K","-1,36%"
"30.03.2021","1.269,00","1.270,60","1.284,60","1.250,00","24,18K","-0,08%"
"29.03.2021","1.270,00","1.264,00","1.281,80","1.250,20","35,79K","0,79%"
"26.03.2021","1.260,00","1.250,00","1.270,00","1.236,00","23,47K","0,88%"
"25.03.2021","1.249,00","1.249,60","1.250,00","1.241,00","10,77K","-0,06%"
"24.03.2021","1.249,80","1.250,00","1.250,00","1.231,20","8,06K","-0,02%"
"23.03.2021","1.250,00","1.249,80","1.250,00","1.225,00","15,73K","0,00%"
"22.03.2021","1.250,00","1.263,80","1.298,00","1.235,60","22,19K","0,00%"
"19.03.2021","1.250,00","1.215,00","1.270,20","1.198,00","36,09K","3,34%"
"18.03.2021","1.209,60","1.205,00","1.214,00","1.185,60","20,45K","0,68%"
"17.03.2021","1.201,40","1.209,00","1.209,00","1.180,00","15,47K","-0,30%"
"16.03.2021","1.205,00","1.197,00","1.205,00","1.189,60","11,58K","1,41%"
"15.03.2021","1.188,20","1.191,40","1.205,00","1.180,20","15,51K","-0,15%"
"12.03.2021","1.190,00","1.200,00","1.205,00","1.183,20","4,00K","-0,90%"
"11.03.2021","1.200,80","1.201,00","1.201,00","1.178,40","14,25K","-0,02%"
"10.03.2021","1.201,00","1.185,60","1.201,00","1.168,00","17,11K","-0,33%"
"09.03.2021","1.205,00","1.205,00","1.230,00","1.180,00","43,11K","0,00%"
"05.03.2021","1.205,00","1.238,00","1.238,00","1.181,20","32,59K","0,42%"
"04.03.2021","1.200,00","1.158,00","1.200,00","1.158,00","19,34K","2,56%"
"03.03.2021","1.170,00","1.165,00","1.194,40","1.163,00","35,68K","0,19%"
"02.03.2021","1.167,80","1.155,80","1.195,40","1.154,00","22,44K","-1,43%"
"01.03.2021","1.184,80","1.179,80","1.200,00","1.158,60","21,54K","2,14%"
"26.02.2021","1.160,00","1.140,00","1.179,00","1.091,40","23,67K","1,75%"
"25.02.2021","1.140,00","1.170,00","1.201,40","1.127,00","37,07K","-0,66%"
"24.02.2021","1.147,60","1.084,00","1.147,60","1.075,20","33,51K","5,46%"
"22.02.2021","1.088,20","1.096,00","1.100,00","1.071,40","10,69K","0,22%"
"20.02.2021","1.085,80","1.089,80","1.098,00","1.072,20","12,42K","-0,28%"
"19.02.2021","1.088,80","1.080,00","1.090,00","1.071,00","17,25K","1,26%"
"18.02.2021","1.075,20","1.062,80","1.090,00","1.061,80","9,98K","0,49%"
"17.02.2021","1.070,00","1.077,40","1.077,60","1.060,80","16,86K","-0,47%"
"16.02.2021","1.075,00","1.094,40","1.099,00","1.074,00","14,09K","-1,39%"
"15.02.2021","1.090,20","1.060,00","1.093,60","1.059,80","17,39K","1,66%"
"12.02.2021","1.072,40","1.093,40","1.100,00","1.062,20","25,09K","-2,06%"
"11.02.2021","1.095,00","1.069,80","1.100,00","1.056,40","26,48K","0,37%"
"10.02.2021","1.091,00","1.100,00","1.100,00","1.064,00","22,31K","-0,64%"
"09.02.2021","1.098,00","1.066,20","1.126,00","1.065,80","39,34K","2,62%"
"08.02.2021","1.070,00","1.024,80","1.132,20","1.024,80","111,42K","6,43%"
"05.02.2021","1.005,40","980,20","1.033,00","979,80","48,36K","2,49%"
"04.02.2021","981,00","972,00","1.005,00","947,00","82,06K","0,93%"
"03.02.2021","972,00","960,00","976,00","960,00","8,59K","0,21%"
"02.02.2021","970,00","955,60","976,00","955,60","25,11K","1,25%"
"01.02.2021","958,00","956,80","967,60","955,20","5,41K","0,13%"
"29.01.2021","956,80","965,00","969,40","951,80","11,08K","-0,33%"
"28.01.2021","960,00","954,20","970,00","948,20","47,16K","0,52%"
"27.01.2021","955,00","958,60","961,00","953,60","3,30K","-0,10%"
"26.01.2021","956,00","958,00","962,00","951,00","2,07K","-0,13%"
"25.01.2021","957,20","950,40","962,40","950,40","5,36K","0,65%"
"22.01.2021","951,00","954,00","960,80","948,00","8,91K","-1,00%"
"21.01.2021","960,60","960,00","969,80","950,20","7,20K","0,06%"
"20.01.2021","960,00","957,20","973,40","957,20","10,18K","0,29%"
"19.01.2021","957,20","951,80","972,80","951,00","10,65K","0,69%"
"18.01.2021","950,60","942,60","958,40","942,20","3,04K","-0,04%"
"15.01.2021","951,00","951,00","955,80","940,00","18,29K","0,00%"
"14.01.2021","951,00","957,80","960,40","950,40","1,88K","-0,11%"
"13.01.2021","952,00","960,40","962,00","950,20","2,56K","-0,50%"
"12.01.2021","956,80","962,60","962,60","951,20","3,47K","-0,52%"
"11.01.2021","961,80","958,00","966,40","950,00","6,62K","0,40%"
"08.01.2021","958,00","960,40","964,00","956,20","4,32K","-0,42%"
"06.01.2021","962,00","962,00","966,60","957,20","1,38K","-0,31%"
"05.01.2021","965,00","967,00","967,00","951,40","5,19K","0,02%"
"04.01.2021","964,80","959,40","965,00","951,40","4,05K","0,71%"
"30.12.2020","958,00","960,00","960,00","949,40","4,39K","-0,15%"
"29.12.2020","959,40","963,80","963,80","950,00","3,56K","0,88%"
"28.12.2020","951,00","963,60","963,60","950,00","3,28K","-0,85%"
"25.12.2020","959,20","947,00","967,00","947,00","8,03K","0,95%"
"24.12.2020","950,20","949,60","953,40","945,80","2,13K","0,02%"
"23.12.2020","950,00","950,40","960,00","949,00","2,54K","-0,02%"
"22.12.2020","950,20","941,00","955,00","936,00","8,51K","0,61%"
"21.12.2020","944,40","945,60","953,00","939,00","19,11K","-1,11%"
"18.12.2020","955,00","957,60","957,60","935,00","11,90K","0,10%"
"17.12.2020","954,00","963,00","963,00","952,20","9,04K","-0,60%"
"16.12.2020","959,80","967,00","967,00","955,60","18,27K","-0,74%"
"15.12.2020","967,00","952,00","970,00","932,00","18,44K","1,55%"
"14.12.2020","952,20","940,00","959,40","934,80","22,43K","1,73%"
"11.12.2020","936,00","939,00","943,80","932,00","2,31K","-0,32%"
"10.12.2020","939,00","945,00","945,00","935,00","7,90K","-0,19%"
"09.12.2020","940,80","940,00","946,00","931,00","6,47K","0,62%"
"08.12.2020","935,00","942,00","942,00","930,00","5,71K","-0,06%"
"07.12.2020","935,60","941,60","944,40","933,00","17,15K","-0,87%"
"04.12.2020","943,80","941,20","944,00","941,00","6,79K","0,13%"
"03.12.2020","942,60","942,20","946,00","941,20","6,73K","-0,36%"
"02.12.2020","946,00","941,40","946,60","941,20","7,15K","0,11%"
"01.12.2020","945,00","942,00","948,40","940,00","5,64K","0,11%"
"30.11.2020","944,00","948,40","948,40","942,20","2,34K","-0,30%"
"27.11.2020","946,80","948,80","948,80","941,80","7,65K","0,19%"
"26.11.2020","945,00","948,20","949,60","941,20","6,66K","-0,42%"
"25.11.2020","949,00","949,00","950,00","941,20","14,18K","0,13%"
"24.11.2020","947,80","942,40","948,00","941,20","5,50K","0,17%"
"23.11.2020","946,20","949,40","949,60","941,20","8,92K","0,32%"
"20.11.2020","943,20","946,20","949,60","942,20","3,90K","-0,32%"
"19.11.2020","946,20","949,60","949,60","942,80","3,69K","-0,08%"
"18.11.2020","947,00","948,00","948,00","940,00","10,42K","-0,06%"
"17.11.2020","947,60","942,00","950,80","941,20","5,01K","-0,08%"
"16.11.2020","948,40","949,80","951,00","941,20","12,75K","0,15%"
"13.11.2020","947,00","947,00","950,00","941,00","6,27K","0,00%"
"12.11.2020","947,00","950,00","950,60","941,00","3,81K","-0,11%"
"11.11.2020","948,00","950,80","950,80","940,20","10,00K","-0,21%"
"10.11.2020","950,00","940,20","951,00","935,00","12,70K","0,85%"
"09.11.2020","942,00","952,00","954,20","940,60","14,89K","-1,05%"
"06.11.2020","952,00","958,20","958,20","950,60","9,68K","-0,08%"
"05.11.2020","952,80","959,00","959,00","944,80","15,51K","0,02%"
"03.11.2020","952,60","959,60","959,60","952,00","8,99K","-0,46%"
"02.11.2020","957,00","955,00","958,00","952,00","16,60K","0,21%"
"30.10.2020","955,00","955,00","990,00","951,60","54,40K","0,21%"